"filename", "language", "Markdown", "Python", "C", "C++", "Makefile", "XML", "JSON", "CMake", "Go Assembly", "Shell Script", "Diff", "YAML", "Properties", "comment", "blank", "total"
"d:\Projects\C\cleonos\.github\workflows\style-check.yml", "YAML", 0, 0, 0, 0, 0, 0, 0, 0, 0, 0, 0, 109, 0, 0, 19, 128
"d:\Projects\C\cleonos\CMakeLists.txt", "CMake", 0, 0, 0, 0, 0, 0, 0, 130, 0, 0, 0, 0, 0, 0, 10, 140
"d:\Projects\C\cleonos\cleonos\c\apps\ansi_main.c", "C", 0, 0, 2, 0, 0, 0, 0, 0, 0, 0, 0, 0, 0, 0, -2, 0
"d:\Projects\C\cleonos\cleonos\c\apps\ansitest_main.c", "C", 0, 0, 3, 0, 0, 0, 0, 0, 0, 0, 0, 0, 0, 0, -2, 1
"d:\Projects\C\cleonos\cleonos\c\apps\append_main.c", "C", 0, 0, 0, 0, 0, 0, 0, 0, 0, 0, 0, 0, 0, 0, -2, -2
"d:\Projects\C\cleonos\cleonos\c\apps\bmpview_main.c", "C", 0, 0, 331, 0, 0, 0, 0, 0, 0, 0, 0, 0, 0, 0, 81, 412
"d:\Projects\C\cleonos\cleonos\c\apps\cat_main.c", "C", 0, 0, 0, 0, 0, 0, 0, 0, 0, 0, 0, 0, 0, 0, -2, -2
"d:\Projects\C\cleonos\cleonos\c\apps\cd_main.c", "C", 0, 0, 0, 0, 0, 0, 0, 0, 0, 0, 0, 0, 0, 0, -2, -2
"d:\Projects\C\cleonos\cleonos\c\apps\clear_main.c", "C", 0, 0, 0, 0, 0, 0, 0, 0, 0, 0, 0, 0, 0, 0, -2, -2
"d:\Projects\C\cleonos\cleonos\c\apps\cmd_runtime.c", "C", 0, 0, -5, 0, 0, 0, 0, 0, 0, 0, 0, 0, 0, 0, 0, -5
"d:\Projects\C\cleonos\cleonos\c\apps\cmd_runtime.h", "C++", 0, 0, 0, -4, 0, 0, 0, 0, 0, 0, 0, 0, 0, 0, 0, -4
"d:\Projects\C\cleonos\cleonos\c\apps\cp_main.c", "C", 0, 0, -2, 0, 0, 0, 0, 0, 0, 0, 0, 0, 0, 0, -2, -4
"d:\Projects\C\cleonos\cleonos\c\apps\cut_main.c", "C", 0, 0, -4, 0, 0, 0, 0, 0, 0, 0, 0, 0, 0, 0, -1, -5
"d:\Projects\C\cleonos\cleonos\c\apps\dmesg_main.c", "C", 0, 0, 0, 0, 0, 0, 0, 0, 0, 0, 0, 0, 0, 0, -2, -2
"d:\Projects\C\cleonos\cleonos\c\apps\doom\doom_compat.c", "C", 0, 0, 1196, 0, 0, 0, 0, 0, 0, 0, 0, 0, 0, 0, 277, 1473
"d:\Projects\C\cleonos\cleonos\c\apps\doom\doom_shim.h", "C++", 0, 0, 0, 17, 0, 0, 0, 0, 0, 0, 0, 0, 0, 1, 3, 21
"d:\Projects\C\cleonos\cleonos\c\apps\doom\doomgeneric_clks.c", "C", 0, 0, 153, 0, 0, 0, 0, 0, 0, 0, 0, 0, 0, 0, 48, 201
"d:\Projects\C\cleonos\cleonos\c\apps\doom_main.c", "C", 0, 0, 66, 0, 0, 0, 0, 0, 0, 0, 0, 0, 0, 0, 16, 82
"d:\Projects\C\cleonos\cleonos\c\apps\exec_main.c", "C", 0, 0, 0, 0, 0, 0, 0, 0, 0, 0, 0, 0, 0, 0, -2, -2
"d:\Projects\C\cleonos\cleonos\c\apps\exit_main.c", "C", 0, 0, 0, 0, 0, 0, 0, 0, 0, 0, 0, 0, 0, 0, -2, -2
"d:\Projects\C\cleonos\cleonos\c\apps\fastfetch_main.c", "C", 0, 0, 0, 0, 0, 0, 0, 0, 0, 0, 0, 0, 0, 0, -2, -2
"d:\Projects\C\cleonos\cleonos\c\apps\fg_main.c", "C", 0, 0, -1, 0, 0, 0, 0, 0, 0, 0, 0, 0, 0, 0, 0, -1
"d:\Projects\C\cleonos\cleonos\c\apps\fsstat_main.c", "C", 0, 0, 0, 0, 0, 0, 0, 0, 0, 0, 0, 0, 0, 0, -2, -2
"d:\Projects\C\cleonos\cleonos\c\apps\grep_main.c", "C", 0, 0, 0, 0, 0, 0, 0, 0, 0, 0, 0, 0, 0, 0, -2, -2
"d:\Projects\C\cleonos\cleonos\c\apps\head_main.c", "C", 0, 0, 0, 0, 0, 0, 0, 0, 0, 0, 0, 0, 0, 0, -1, -1
"d:\Projects\C\cleonos\cleonos\c\apps\help_main.c", "C", 0, 0, 3, 0, 0, 0, 0, 0, 0, 0, 0, 0, 0, 0, -1, 2
"d:\Projects\C\cleonos\cleonos\c\apps\kbdstat_main.c", "C", 0, 0, 0, 0, 0, 0, 0, 0, 0, 0, 0, 0, 0, 0, -2, -2
"d:\Projects\C\cleonos\cleonos\c\apps\kdbg_main.c", "C", 0, 0, -1, 0, 0, 0, 0, 0, 0, 0, 0, 0, 0, 0, 0, -1
"d:\Projects\C\cleonos\cleonos\c\apps\ls_main.c", "C", 0, 0, -10, 0, 0, 0, 0, 0, 0, 0, 0, 0, 0, 0, -2, -12
"d:\Projects\C\cleonos\cleonos\c\apps\memstat_main.c", "C", 0, 0, 0, 0, 0, 0, 0, 0, 0, 0, 0, 0, 0, 0, -2, -2
"d:\Projects\C\cleonos\cleonos\c\apps\mkdir_main.c", "C", 0, 0, 0, 0, 0, 0, 0, 0, 0, 0, 0, 0, 0, 0, -2, -2
"d:\Projects\C\cleonos\cleonos\c\apps\mv_main.c", "C", 0, 0, 0, 0, 0, 0, 0, 0, 0, 0, 0, 0, 0, 0, -2, -2
"d:\Projects\C\cleonos\cleonos\c\apps\pid_main.c", "C", 0, 0, 0, 0, 0, 0, 0, 0, 0, 0, 0, 0, 0, 0, -2, -2
"d:\Projects\C\cleonos\cleonos\c\apps\pwd_main.c", "C", 0, 0, 0, 0, 0, 0, 0, 0, 0, 0, 0, 0, 0, 0, -2, -2
"d:\Projects\C\cleonos\cleonos\c\apps\qrcode\qrcodegen.c", "C", 0, 0, 759, 0, 0, 0, 0, 0, 0, 0, 0, 0, 0, 176, 96, 1031
"d:\Projects\C\cleonos\cleonos\c\apps\qrcode\qrcodegen.h", "C++", 0, 0, 0, 62, 0, 0, 0, 0, 0, 0, 0, 0, 0, 268, 34, 364
"d:\Projects\C\cleonos\cleonos\c\apps\qrcode_main.c", "C", 0, 0, 207, 0, 0, 0, 0, 0, 0, 0, 0, 0, 0, 1, 58, 266
"d:\Projects\C\cleonos\cleonos\c\apps\restart_main.c", "C", 0, 0, 0, 0, 0, 0, 0, 0, 0, 0, 0, 0, 0, 0, -2, -2
"d:\Projects\C\cleonos\cleonos\c\apps\rm_main.c", "C", 0, 0, 0, 0, 0, 0, 0, 0, 0, 0, 0, 0, 0, 0, -2, -2
"d:\Projects\C\cleonos\cleonos\c\apps\shell\shell_cmd.c", "C", 0, 0, -35, 0, 0, 0, 0, 0, 0, 0, 0, 0, 0, 0, -4, -39
"d:\Projects\C\cleonos\cleonos\c\apps\shell\shell_external.c", "C", 0, 0, -10, 0, 0, 0, 0, 0, 0, 0, 0, 0, 0, 0, 0, -10
"d:\Projects\C\cleonos\cleonos\c\apps\shell\shell_input.c", "C", 0, 0, 0, 0, 0, 0, 0, 0, 0, 0, 0, 0, 0, 0, -1, -1
"d:\Projects\C\cleonos\cleonos\c\apps\shell\shell_internal.h", "C++", 0, 0, 0, -5, 0, 0, 0, 0, 0, 0, 0, 0, 0, 0, -1, -6
"d:\Projects\C\cleonos\cleonos\c\apps\shell\shell_path.c", "C", 0, 0, 1, 0, 0, 0, 0, 0, 0, 0, 0, 0, 0, 0, 0, 1
"d:\Projects\C\cleonos\cleonos\c\apps\shell_main.c", "C", 0, 0, -1, 0, 0, 0, 0, 0, 0, 0, 0, 0, 0, 0, 0, -1
"d:\Projects\C\cleonos\cleonos\c\apps\shstat_main.c", "C", 0, 0, 0, 0, 0, 0, 0, 0, 0, 0, 0, 0, 0, 0, -2, -2
"d:\Projects\C\cleonos\cleonos\c\apps\shutdown_main.c", "C", 0, 0, 0, 0, 0, 0, 0, 0, 0, 0, 0, 0, 0, 0, -2, -2
"d:\Projects\C\cleonos\cleonos\c\apps\sleep_main.c", "C", 0, 0, 0, 0, 0, 0, 0, 0, 0, 0, 0, 0, 0, 0, -2, -2
"d:\Projects\C\cleonos\cleonos\c\apps\sort_main.c", "C", 0, 0, 1, 0, 0, 0, 0, 0, 0, 0, 0, 0, 0, 0, -1, 0
"d:\Projects\C\cleonos\cleonos\c\apps\spawn_main.c", "C", 0, 0, 0, 0, 0, 0, 0, 0, 0, 0, 0, 0, 0, 0, -2, -2
"d:\Projects\C\cleonos\cleonos\c\apps\spin_main.c", "C", 0, 0, -1, 0, 0, 0, 0, 0, 0, 0, 0, 0, 0, 0, 0, -1
"d:\Projects\C\cleonos\cleonos\c\apps\stats_main.c", "C", 0, 0, 0, 0, 0, 0, 0, 0, 0, 0, 0, 0, 0, 0, -2, -2
"d:\Projects\C\cleonos\cleonos\c\apps\sysstat_main.c", "C", 0, 0, 74, 0, 0, 0, 0, 0, 0, 0, 0, 0, 0, 0, 0, 74
"d:\Projects\C\cleonos\cleonos\c\apps\tail_main.c", "C", 0, 0, 0, 0, 0, 0, 0, 0, 0, 0, 0, 0, 0, 0, -1, -1
"d:\Projects\C\cleonos\cleonos\c\apps\taskstat_main.c", "C", 0, 0, 0, 0, 0, 0, 0, 0, 0, 0, 0, 0, 0, 0, -2, -2
"d:\Projects\C\cleonos\cleonos\c\apps\top_main.c", "C", 0, 0, -1, 0, 0, 0, 0, 0, 0, 0, 0, 0, 0, 0, 0, -1
"d:\Projects\C\cleonos\cleonos\c\apps\touch_main.c", "C", 0, 0, 0, 0, 0, 0, 0, 0, 0, 0, 0, 0, 0, 0, -2, -2
"d:\Projects\C\cleonos\cleonos\c\apps\tty_main.c", "C", 0, 0, 0, 0, 0, 0, 0, 0, 0, 0, 0, 0, 0, 0, -2, -2
"d:\Projects\C\cleonos\cleonos\c\apps\uniq_main.c", "C", 0, 0, 0, 0, 0, 0, 0, 0, 0, 0, 0, 0, 0, 0, -1, -1
"d:\Projects\C\cleonos\cleonos\c\apps\userstat_main.c", "C", 0, 0, 0, 0, 0, 0, 0, 0, 0, 0, 0, 0, 0, 0, -2, -2
"d:\Projects\C\cleonos\cleonos\c\apps\wait_main.c", "C", 0, 0, 0, 0, 0, 0, 0, 0, 0, 0, 0, 0, 0, 0, -2, -2
"d:\Projects\C\cleonos\cleonos\c\apps\wavplay_main.c", "C", 0, 0, -8, 0, 0, 0, 0, 0, 0, 0, 0, 0, 0, 0, 0, -8
"d:\Projects\C\cleonos\cleonos\c\apps\wc_main.c", "C", 0, 0, 0, 0, 0, 0, 0, 0, 0, 0, 0, 0, 0, 0, -1, -1
"d:\Projects\C\cleonos\cleonos\c\apps\write_main.c", "C", 0, 0, 0, 0, 0, 0, 0, 0, 0, 0, 0, 0, 0, 0, -2, -2
"d:\Projects\C\cleonos\cleonos\c\apps\yield_main.c", "C", 0, 0, 0, 0, 0, 0, 0, 0, 0, 0, 0, 0, 0, 0, -2, -2
"d:\Projects\C\cleonos\cleonos\c\include\cleonos_syscall.h", "C++", 0, 0, 0, 17, 0, 0, 0, 0, 0, 0, 0, 0, 0, 0, 2, 19
"d:\Projects\C\cleonos\cleonos\c\src\stdio.c", "C", 0, 0, 177, 0, 0, 0, 0, 0, 0, 0, 0, 0, 0, 0, 35, 212
"d:\Projects\C\cleonos\cleonos\c\src\syscall.c", "C", 0, 0, 0, 0, 0, 0, 0, 0, 0, 0, 0, 0, 0, 0, 2, 2
"d:\Projects\C\cleonos\cleonos\third-party\doomgeneric\README.md", "Markdown", 51, 0, 0, 0, 0, 0, 0, 0, 0, 0, 0, 0, 0, 0, 17, 68
"d:\Projects\C\cleonos\cleonos\third-party\doomgeneric\doomgeneric\Makefile", "Makefile", 0, 0, 0, 0, 34, 0, 0, 0, 0, 0, 0, 0, 0, 7, 14, 55
"d:\Projects\C\cleonos\cleonos\third-party\doomgeneric\doomgeneric\am_map.c", "C", 0, 0, 970, 0, 0, 0, 0, 0, 0, 0, 0, 0, 0, 162, 224, 1356
"d:\Projects\C\cleonos\cleonos\third-party\doomgeneric\doomgeneric\am_map.h", "C++", 0, 0, 0, 13, 0, 0, 0, 0, 0, 0, 0, 0, 0, 24, 13, 50
"d:\Projects\C\cleonos\cleonos\third-party\doomgeneric\doomgeneric\config.h", "C++", 0, 0, 0, 33, 0, 0, 0, 0, 0, 0, 0, 0, 0, 34, 34, 101
"d:\Projects\C\cleonos\cleonos\third-party\doomgeneric\doomgeneric\d_englsh.h", "C++", 0, 0, 0, 522, 0, 0, 0, 0, 0, 0, 0, 0, 0, 65, 107, 694
"d:\Projects\C\cleonos\cleonos\third-party\doomgeneric\doomgeneric\d_event.c", "C", 0, 0, 22, 0, 0, 0, 0, 0, 0, 0, 0, 0, 0, 27, 15, 64
"d:\Projects\C\cleonos\cleonos\third-party\doomgeneric\doomgeneric\d_event.h", "C++", 0, 0, 0, 43, 0, 0, 0, 0, 0, 0, 0, 0, 0, 66, 29, 138
"d:\Projects\C\cleonos\cleonos\third-party\doomgeneric\doomgeneric\d_items.c", "C", 0, 0, 77, 0, 0, 0, 0, 0, 0, 0, 0, 0, 0, 38, 14, 129
"d:\Projects\C\cleonos\cleonos\third-party\doomgeneric\doomgeneric\d_items.h", "C++", 0, 0, 0, 14, 0, 0, 0, 0, 0, 0, 0, 0, 0, 18, 10, 42
"d:\Projects\C\cleonos\cleonos\third-party\doomgeneric\doomgeneric\d_iwad.c", "C", 0, 0, 509, 0, 0, 0, 0, 0, 0, 0, 0, 0, 0, 133, 207, 849
"d:\Projects\C\cleonos\cleonos\third-party\doomgeneric\doomgeneric\d_iwad.h", "C++", 0, 0, 0, 28, 0, 0, 0, 0, 0, 0, 0, 0, 0, 16, 9, 53
"d:\Projects\C\cleonos\cleonos\third-party\doomgeneric\doomgeneric\d_loop.c", "C", 0, 0, 464, 0, 0, 0, 0, 0, 0, 0, 0, 0, 0, 169, 194, 827
"d:\Projects\C\cleonos\cleonos\third-party\doomgeneric\doomgeneric\d_loop.h", "C++", 0, 0, 0, 23, 0, 0, 0, 0, 0, 0, 0, 0, 0, 34, 25, 82
"d:\Projects\C\cleonos\cleonos\third-party\doomgeneric\doomgeneric\d_main.c", "C", 0, 0, 1089, 0, 0, 0, 0, 0, 0, 0, 0, 0, 0, 418, 339, 1846
"d:\Projects\C\cleonos\cleonos\third-party\doomgeneric\doomgeneric\d_main.h", "C++", 0, 0, 0, 11, 0, 0, 0, 0, 0, 0, 0, 0, 0, 24, 16, 51
"d:\Projects\C\cleonos\cleonos\third-party\doomgeneric\doomgeneric\d_mode.c", "C", 0, 0, 150, 0, 0, 0, 0, 0, 0, 0, 0, 0, 0, 28, 32, 210
"d:\Projects\C\cleonos\cleonos\third-party\doomgeneric\doomgeneric\d_mode.h", "C++", 0, 0, 0, 58, 0, 0, 0, 0, 0, 0, 0, 0, 0, 24, 17, 99
"d:\Projects\C\cleonos\cleonos\third-party\doomgeneric\doomgeneric\d_net.c", "C", 0, 0, 158, 0, 0, 0, 0, 0, 0, 0, 0, 0, 0, 61, 63, 282
"d:\Projects\C\cleonos\cleonos\third-party\doomgeneric\doomgeneric\d_player.h", "C++", 0, 0, 0, 82, 0, 0, 0, 0, 0, 0, 0, 0, 0, 77, 51, 210
"d:\Projects\C\cleonos\cleonos\third-party\doomgeneric\doomgeneric\d_textur.h", "C++", 0, 0, 0, 10, 0, 0, 0, 0, 0, 0, 0, 0, 0, 22, 12, 44
"d:\Projects\C\cleonos\cleonos\third-party\doomgeneric\doomgeneric\d_think.h", "C++", 0, 0, 0, 19, 0, 0, 0, 0, 0, 0, 0, 0, 0, 29, 21, 69
"d:\Projects\C\cleonos\cleonos\third-party\doomgeneric\doomgeneric\d_ticcmd.h", "C++", 0, 0, 0, 17, 0, 0, 0, 0, 0, 0, 0, 0, 0, 26, 14, 57
"d:\Projects\C\cleonos\cleonos\third-party\doomgeneric\doomgeneric\deh_main.h", "C++", 0, 0, 0, 19, 0, 0, 0, 0, 0, 0, 0, 0, 0, 19, 11, 49
"d:\Projects\C\cleonos\cleonos\third-party\doomgeneric\doomgeneric\deh_misc.h", "C++", 0, 0, 0, 55, 0, 0, 0, 0, 0, 0, 0, 0, 0, 17, 12, 84
"d:\Projects\C\cleonos\cleonos\third-party\doomgeneric\doomgeneric\deh_str.h", "C++", 0, 0, 0, 18, 0, 0, 0, 0, 0, 0, 0, 0, 0, 17, 13, 48
"d:\Projects\C\cleonos\cleonos\third-party\doomgeneric\doomgeneric\doom.h", "C++", 0, 0, 0, 4, 0, 0, 0, 0, 0, 0, 0, 0, 0, 27, 12, 43
"d:\Projects\C\cleonos\cleonos\third-party\doomgeneric\doomgeneric\doomdata.h", "C++", 0, 0, 0, 93, 0, 0, 0, 0, 0, 0, 0, 0, 0, 70, 51, 214
"d:\Projects\C\cleonos\cleonos\third-party\doomgeneric\doomgeneric\doomdef.c", "C", 0, 0, 1, 0, 0, 0, 0, 0, 0, 0, 0, 0, 0, 20, 8, 29
"d:\Projects\C\cleonos\cleonos\third-party\doomgeneric\doomgeneric\doomdef.h", "C++", 0, 0, 0, 86, 0, 0, 0, 0, 0, 0, 0, 0, 0, 48, 35, 169
"d:\Projects\C\cleonos\cleonos\third-party\doomgeneric\doomgeneric\doomfeatures.h", "C++", 0, 0, 0, 6, 0, 0, 0, 0, 0, 0, 0, 0, 0, 22, 13, 41
"d:\Projects\C\cleonos\cleonos\third-party\doomgeneric\doomgeneric\doomgeneric.c", "C", 0, 0, 15, 0, 0, 0, 0, 0, 0, 0, 0, 0, 0, 1, 12, 28
"d:\Projects\C\cleonos\cleonos\third-party\doomgeneric\doomgeneric\doomgeneric.h", "C++", 0, 0, 0, 31, 0, 0, 0, 0, 0, 0, 0, 0, 0, 1, 18, 50
"d:\Projects\C\cleonos\cleonos\third-party\doomgeneric\doomgeneric\doomgeneric.vcxproj", "XML", 0, 0, 0, 0, 0, 339, 0, 0, 0, 0, 0, 0, 0, 0, 0, 339
"d:\Projects\C\cleonos\cleonos\third-party\doomgeneric\doomgeneric\doomgeneric_allegro.c", "C", 0, 0, 319, 0, 0, 0, 0, 0, 0, 0, 0, 0, 0, 16, 119, 454
"d:\Projects\C\cleonos\cleonos\third-party\doomgeneric\doomgeneric\doomgeneric_emscripten.c", "C", 0, 0, 184, 0, 0, 0, 0, 0, 0, 0, 0, 0, 0, 5, 31, 220
"d:\Projects\C\cleonos\cleonos\third-party\doomgeneric\doomgeneric\doomgeneric_linuxvt.c", "C", 0, 0, 412, 0, 0, 0, 0, 0, 0, 0, 0, 0, 0, 39, 78, 529
"d:\Projects\C\cleonos\cleonos\third-party\doomgeneric\doomgeneric\doomgeneric_sdl.c", "C", 0, 0, 173, 0, 0, 0, 0, 0, 0, 0, 0, 0, 0, 9, 29, 211
"d:\Projects\C\cleonos\cleonos\third-party\doomgeneric\doomgeneric\doomgeneric_soso.c", "C", 0, 0, 217, 0, 0, 0, 0, 0, 0, 0, 0, 0, 0, 6, 54, 277
"d:\Projects\C\cleonos\cleonos\third-party\doomgeneric\doomgeneric\doomgeneric_sosox.c", "C", 0, 0, 197, 0, 0, 0, 0, 0, 0, 0, 0, 0, 0, 3, 48, 248
"d:\Projects\C\cleonos\cleonos\third-party\doomgeneric\doomgeneric\doomgeneric_win.c", "C", 0, 0, 171, 0, 0, 0, 0, 0, 0, 0, 0, 0, 0, 2, 37, 210
"d:\Projects\C\cleonos\cleonos\third-party\doomgeneric\doomgeneric\doomgeneric_xlib.c", "C", 0, 0, 161, 0, 0, 0, 0, 0, 0, 0, 0, 0, 0, 7, 46, 214
"d:\Projects\C\cleonos\cleonos\third-party\doomgeneric\doomgeneric\doomkeys.h", "C++", 0, 0, 0, 61, 0, 0, 0, 0, 0, 0, 0, 0, 0, 23, 14, 98
"d:\Projects\C\cleonos\cleonos\third-party\doomgeneric\doomgeneric\doomstat.c", "C", 0, 0, 7, 0, 0, 0, 0, 0, 0, 0, 0, 0, 0, 19, 10, 36
"d:\Projects\C\cleonos\cleonos\third-party\doomgeneric\doomgeneric\doomstat.h", "C++", 0, 0, 0, 77, 0, 0, 0, 0, 0, 0, 0, 0, 0, 108, 97, 282
"d:\Projects\C\cleonos\cleonos\third-party\doomgeneric\doomgeneric\doomtype.h", "C++", 0, 0, 0, 40, 0, 0, 0, 0, 0, 0, 0, 0, 0, 35, 30, 105
"d:\Projects\C\cleonos\cleonos\third-party\doomgeneric\doomgeneric\dstrings.c", "C", 0, 0, 37, 0, 0, 0, 0, 0, 0, 0, 0, 0, 0, 22, 15, 74
"d:\Projects\C\cleonos\cleonos\third-party\doomgeneric\doomgeneric\dstrings.h", "C++", 0, 0, 0, 8, 0, 0, 0, 0, 0, 0, 0, 0, 0, 22, 12, 42
"d:\Projects\C\cleonos\cleonos\third-party\doomgeneric\doomgeneric\dummy.c", "C", 0, 0, 8, 0, 0, 0, 0, 0, 0, 0, 0, 0, 0, 30, 16, 54
"d:\Projects\C\cleonos\cleonos\third-party\doomgeneric\doomgeneric\f_finale.c", "C", 0, 0, 528, 0, 0, 0, 0, 0, 0, 0, 0, 0, 0, 77, 114, 719
"d:\Projects\C\cleonos\cleonos\third-party\doomgeneric\doomgeneric\f_finale.h", "C++", 0, 0, 0, 9, 0, 0, 0, 0, 0, 0, 0, 0, 0, 23, 14, 46
"d:\Projects\C\cleonos\cleonos\third-party\doomgeneric\doomgeneric\f_wipe.c", "C", 0, 0, 220, 0, 0, 0, 0, 0, 0, 0, 0, 0, 0, 31, 44, 295
"d:\Projects\C\cleonos\cleonos\third-party\doomgeneric\doomgeneric\f_wipe.h", "C++", 0, 0, 0, 29, 0, 0, 0, 0, 0, 0, 0, 0, 0, 22, 13, 64
"d:\Projects\C\cleonos\cleonos\third-party\doomgeneric\doomgeneric\g_game.c", "C", 0, 0, 1572, 0, 0, 0, 0, 0, 0, 0, 0, 0, 0, 319, 413, 2304
"d:\Projects\C\cleonos\cleonos\third-party\doomgeneric\doomgeneric\g_game.h", "C++", 0, 0, 0, 29, 0, 0, 0, 0, 0, 0, 0, 0, 0, 28, 24, 81
"d:\Projects\C\cleonos\cleonos\third-party\doomgeneric\doomgeneric\gusconf.c", "C", 0, 0, 190, 0, 0, 0, 0, 0, 0, 0, 0, 0, 0, 24, 58, 272
"d:\Projects\C\cleonos\cleonos\third-party\doomgeneric\doomgeneric\gusconf.h", "C++", 0, 0, 0, 7, 0, 0, 0, 0, 0, 0, 0, 0, 0, 16, 7, 30
"d:\Projects\C\cleonos\cleonos\third-party\doomgeneric\doomgeneric\hu_lib.c", "C", 0, 0, 252, 0, 0, 0, 0, 0, 0, 0, 0, 0, 0, 32, 64, 348
"d:\Projects\C\cleonos\cleonos\third-party\doomgeneric\doomgeneric\hu_lib.h", "C++", 0, 0, 0, 77, 0, 0, 0, 0, 0, 0, 0, 0, 0, 59, 47, 183
"d:\Projects\C\cleonos\cleonos\third-party\doomgeneric\doomgeneric\hu_stuff.c", "C", 0, 0, 493, 0, 0, 0, 0, 0, 0, 0, 0, 0, 0, 51, 98, 642
"d:\Projects\C\cleonos\cleonos\third-party\doomgeneric\doomgeneric\hu_stuff.h", "C++", 0, 0, 0, 21, 0, 0, 0, 0, 0, 0, 0, 0, 0, 23, 16, 60
"d:\Projects\C\cleonos\cleonos\third-party\doomgeneric\doomgeneric\i_allegromusic.c", "C", 0, 0, 192, 0, 0, 0, 0, 0, 0, 0, 0, 0, 0, 38, 79, 309
"d:\Projects\C\cleonos\cleonos\third-party\doomgeneric\doomgeneric\i_allegrosound.c", "C", 0, 0, 255, 0, 0, 0, 0, 0, 0, 0, 0, 0, 0, 73, 106, 434
"d:\Projects\C\cleonos\cleonos\third-party\doomgeneric\doomgeneric\i_cdmus.c", "C", 0, 0, 159, 0, 0, 0, 0, 0, 0, 0, 0, 0, 0, 31, 54, 244
"d:\Projects\C\cleonos\cleonos\third-party\doomgeneric\doomgeneric\i_cdmus.h", "C++", 0, 0, 0, 20, 0, 0, 0, 0, 0, 0, 0, 0, 0, 15, 7, 42
"d:\Projects\C\cleonos\cleonos\third-party\doomgeneric\doomgeneric\i_endoom.c", "C", 0, 0, 48, 0, 0, 0, 0, 0, 0, 0, 0, 0, 0, 26, 28, 102
"d:\Projects\C\cleonos\cleonos\third-party\doomgeneric\doomgeneric\i_endoom.h", "C++", 0, 0, 0, 4, 0, 0, 0, 0, 0, 0, 0, 0, 0, 19, 7, 30
"d:\Projects\C\cleonos\cleonos\third-party\doomgeneric\doomgeneric\i_input.c", "C", 0, 0, 261, 0, 0, 0, 0, 0, 0, 0, 0, 0, 0, 45, 36, 342
"d:\Projects\C\cleonos\cleonos\third-party\doomgeneric\doomgeneric\i_joystick.c", "C", 0, 0, 254, 0, 0, 0, 0, 0, 0, 0, 0, 0, 0, 38, 68, 360
"d:\Projects\C\cleonos\cleonos\third-party\doomgeneric\doomgeneric\i_joystick.h", "C++", 0, 0, 0, 21, 0, 0, 0, 0, 0, 0, 0, 0, 0, 33, 17, 71
"d:\Projects\C\cleonos\cleonos\third-party\doomgeneric\doomgeneric\i_scale.c", "C", 0, 0, 889, 0, 0, 0, 0, 0, 0, 0, 0, 0, 0, 225, 339, 1453
"d:\Projects\C\cleonos\cleonos\third-party\doomgeneric\doomgeneric\i_scale.h", "C++", 0, 0, 0, 21, 0, 0, 0, 0, 0, 0, 0, 0, 0, 20, 13, 54
"d:\Projects\C\cleonos\cleonos\third-party\doomgeneric\doomgeneric\i_sdlmusic.c", "C", 0, 0, 887, 0, 0, 0, 0, 0, 0, 0, 0, 0, 0, 177, 253, 1317
"d:\Projects\C\cleonos\cleonos\third-party\doomgeneric\doomgeneric\i_sdlsound.c", "C", 0, 0, 616, 0, 0, 0, 0, 0, 0, 0, 0, 0, 0, 195, 266, 1077
"d:\Projects\C\cleonos\cleonos\third-party\doomgeneric\doomgeneric\i_sound.c", "C", 0, 0, 284, 0, 0, 0, 0, 0, 0, 0, 0, 0, 0, 62, 75, 421
"d:\Projects\C\cleonos\cleonos\third-party\doomgeneric\doomgeneric\i_sound.h", "C++", 0, 0, 0, 104, 0, 0, 0, 0, 0, 0, 0, 0, 0, 71, 82, 257
"d:\Projects\C\cleonos\cleonos\third-party\doomgeneric\doomgeneric\i_swap.h", "C++", 0, 0, 0, 34, 0, 0, 0, 0, 0, 0, 0, 0, 0, 18, 22, 74
"d:\Projects\C\cleonos\cleonos\third-party\doomgeneric\doomgeneric\i_system.c", "C", 0, 0, 347, 0, 0, 0, 0, 0, 0, 0, 0, 0, 0, 112, 120, 579
"d:\Projects\C\cleonos\cleonos\third-party\doomgeneric\doomgeneric\i_system.h", "C++", 0, 0, 0, 19, 0, 0, 0, 0, 0, 0, 0, 0, 0, 37, 29, 85
"d:\Projects\C\cleonos\cleonos\third-party\doomgeneric\doomgeneric\i_timer.c", "C", 0, 0, 36, 0, 0, 0, 0, 0, 0, 0, 0, 0, 0, 32, 29, 97
"d:\Projects\C\cleonos\cleonos\third-party\doomgeneric\doomgeneric\i_timer.h", "C++", 0, 0, 0, 9, 0, 0, 0, 0, 0, 0, 0, 0, 0, 23, 11, 43
"d:\Projects\C\cleonos\cleonos\third-party\doomgeneric\doomgeneric\i_video.c", "C", 0, 0, 309, 0, 0, 0, 0, 0, 0, 0, 0, 0, 0, 74, 113, 496
"d:\Projects\C\cleonos\cleonos\third-party\doomgeneric\doomgeneric\i_video.h", "C++", 0, 0, 0, 63, 0, 0, 0, 0, 0, 0, 0, 0, 0, 65, 48, 176
"d:\Projects\C\cleonos\cleonos\third-party\doomgeneric\doomgeneric\icon.c", "C", 0, 0, 260, 0, 0, 0, 0, 0, 0, 0, 0, 0, 0, 0, 3, 263
"d:\Projects\C\cleonos\cleonos\third-party\doomgeneric\doomgeneric\info.c", "C", 0, 0, 4492, 0, 0, 0, 0, 0, 0, 0, 0, 0, 0, 21, 150, 4663
"d:\Projects\C\cleonos\cleonos\third-party\doomgeneric\doomgeneric\info.h", "C++", 0, 0, 0, 1296, 0, 0, 0, 0, 0, 0, 0, 0, 0, 21, 15, 1332
"d:\Projects\C\cleonos\cleonos\third-party\doomgeneric\doomgeneric\m_argv.c", "C", 0, 0, 150, 0, 0, 0, 0, 0, 0, 0, 0, 0, 0, 52, 64, 266
"d:\Projects\C\cleonos\cleonos\third-party\doomgeneric\doomgeneric\m_argv.h", "C++", 0, 0, 0, 11, 0, 0, 0, 0, 0, 0, 0, 0, 0, 26, 13, 50
"d:\Projects\C\cleonos\cleonos\third-party\doomgeneric\doomgeneric\m_bbox.c", "C", 0, 0, 21, 0, 0, 0, 0, 0, 0, 0, 0, 0, 0, 20, 14, 55
"d:\Projects\C\cleonos\cleonos\third-party\doomgeneric\doomgeneric\m_bbox.h", "C++", 0, 0, 0, 18, 0, 0, 0, 0, 0, 0, 0, 0, 0, 19, 11, 48
"d:\Projects\C\cleonos\cleonos\third-party\doomgeneric\doomgeneric\m_cheat.c", "C", 0, 0, 38, 0, 0, 0, 0, 0, 0, 0, 0, 0, 0, 32, 20, 90
"d:\Projects\C\cleonos\cleonos\third-party\doomgeneric\doomgeneric\m_cheat.h", "C++", 0, 0, 0, 24, 0, 0, 0, 0, 0, 0, 0, 0, 0, 23, 16, 63
"d:\Projects\C\cleonos\cleonos\third-party\doomgeneric\doomgeneric\m_config.c", "C", 0, 0, 615, 0, 0, 0, 0, 0, 0, 0, 0, 0, 0, 948, 566, 2129
"d:\Projects\C\cleonos\cleonos\third-party\doomgeneric\doomgeneric\m_config.h", "C++", 0, 0, 0, 16, 0, 0, 0, 0, 0, 0, 0, 0, 0, 17, 7, 40
"d:\Projects\C\cleonos\cleonos\third-party\doomgeneric\doomgeneric\m_controls.c", "C", 0, 0, 269, 0, 0, 0, 0, 0, 0, 0, 0, 0, 0, 57, 73, 399
"d:\Projects\C\cleonos\cleonos\third-party\doomgeneric\doomgeneric\m_controls.h", "C++", 0, 0, 0, 121, 0, 0, 0, 0, 0, 0, 0, 0, 0, 17, 31, 169
"d:\Projects\C\cleonos\cleonos\third-party\doomgeneric\doomgeneric\m_fixed.c", "C", 0, 0, 24, 0, 0, 0, 0, 0, 0, 0, 0, 0, 0, 21, 18, 63
"d:\Projects\C\cleonos\cleonos\third-party\doomgeneric\doomgeneric\m_fixed.h", "C++", 0, 0, 0, 8, 0, 0, 0, 0, 0, 0, 0, 0, 0, 20, 12, 40
"d:\Projects\C\cleonos\cleonos\third-party\doomgeneric\doomgeneric\m_menu.c", "C", 0, 0, 1502, 0, 0, 0, 0, 0, 0, 0, 0, 0, 0, 250, 374, 2126
"d:\Projects\C\cleonos\cleonos\third-party\doomgeneric\doomgeneric\m_menu.h", "C++", 0, 0, 0, 11, 0, 0, 0, 0, 0, 0, 0, 0, 0, 33, 18, 62
"d:\Projects\C\cleonos\cleonos\third-party\doomgeneric\doomgeneric\m_misc.c", "C", 0, 0, 335, 0, 0, 0, 0, 0, 0, 0, 0, 0, 0, 87, 115, 537
"d:\Projects\C\cleonos\cleonos\third-party\doomgeneric\doomgeneric\m_misc.h", "C++", 0, 0, 0, 27, 0, 0, 0, 0, 0, 0, 0, 0, 0, 17, 8, 52
"d:\Projects\C\cleonos\cleonos\third-party\doomgeneric\doomgeneric\m_random.c", "C", 0, 0, 37, 0, 0, 0, 0, 0, 0, 0, 0, 0, 0, 22, 7, 66
"d:\Projects\C\cleonos\cleonos\third-party\doomgeneric\doomgeneric\m_random.h", "C++", 0, 0, 0, 7, 0, 0, 0, 0, 0, 0, 0, 0, 0, 21, 12, 40
"d:\Projects\C\cleonos\cleonos\third-party\doomgeneric\doomgeneric\memio.c", "C", 0, 0, 122, 0, 0, 0, 0, 0, 0, 0, 0, 0, 0, 27, 49, 198
"d:\Projects\C\cleonos\cleonos\third-party\doomgeneric\doomgeneric\memio.h", "C++", 0, 0, 0, 18, 0, 0, 0, 0, 0, 0, 0, 0, 0, 14, 7, 39
"d:\Projects\C\cleonos\cleonos\third-party\doomgeneric\doomgeneric\mus2mid.c", "C", 0, 0, 504, 0, 0, 0, 0, 0, 0, 0, 0, 0, 0, 76, 158, 738
"d:\Projects\C\cleonos\cleonos\third-party\doomgeneric\doomgeneric\mus2mid.h", "C++", 0, 0, 0, 6, 0, 0, 0, 0, 0, 0, 0, 0, 0, 0, 3, 9
"d:\Projects\C\cleonos\cleonos\third-party\doomgeneric\doomgeneric\net_client.h", "C++", 0, 0, 0, 29, 0, 0, 0, 0, 0, 0, 0, 0, 0, 15, 9, 53
"d:\Projects\C\cleonos\cleonos\third-party\doomgeneric\doomgeneric\net_dedicated.h", "C++", 0, 0, 0, 4, 0, 0, 0, 0, 0, 0, 0, 0, 0, 16, 6, 26
"d:\Projects\C\cleonos\cleonos\third-party\doomgeneric\doomgeneric\net_defs.h", "C++", 0, 0, 0, 148, 0, 0, 0, 0, 0, 0, 0, 0, 0, 46, 55, 249
"d:\Projects\C\cleonos\cleonos\third-party\doomgeneric\doomgeneric\net_gui.h", "C++", 0, 0, 0, 5, 0, 0, 0, 0, 0, 0, 0, 0, 0, 18, 7, 30
"d:\Projects\C\cleonos\cleonos\third-party\doomgeneric\doomgeneric\net_io.h", "C++", 0, 0, 0, 14, 0, 0, 0, 0, 0, 0, 0, 0, 0, 16, 7, 37
"d:\Projects\C\cleonos\cleonos\third-party\doomgeneric\doomgeneric\net_loop.h", "C++", 0, 0, 0, 6, 0, 0, 0, 0, 0, 0, 0, 0, 0, 16, 6, 28
"d:\Projects\C\cleonos\cleonos\third-party\doomgeneric\doomgeneric\net_packet.h", "C++", 0, 0, 0, 18, 0, 0, 0, 0, 0, 0, 0, 0, 0, 16, 11, 45
"d:\Projects\C\cleonos\cleonos\third-party\doomgeneric\doomgeneric\net_query.h", "C++", 0, 0, 0, 19, 0, 0, 0, 0, 0, 0, 0, 0, 0, 16, 10, 45
"d:\Projects\C\cleonos\cleonos\third-party\doomgeneric\doomgeneric\net_sdl.h", "C++", 0, 0, 0, 5, 0, 0, 0, 0, 0, 0, 0, 0, 0, 16, 6, 27
"d:\Projects\C\cleonos\cleonos\third-party\doomgeneric\doomgeneric\net_server.h", "C++", 0, 0, 0, 8, 0, 0, 0, 0, 0, 0, 0, 0, 0, 21, 14, 43
"d:\Projects\C\cleonos\cleonos\third-party\doomgeneric\doomgeneric\p_ceilng.c", "C", 0, 0, 226, 0, 0, 0, 0, 0, 0, 0, 0, 0, 0, 47, 52, 325
"d:\Projects\C\cleonos\cleonos\third-party\doomgeneric\doomgeneric\p_doors.c", "C", 0, 0, 571, 0, 0, 0, 0, 0, 0, 0, 0, 0, 0, 83, 125, 779
"d:\Projects\C\cleonos\cleonos\third-party\doomgeneric\doomgeneric\p_enemy.c", "C", 0, 0, 1341, 0, 0, 0, 0, 0, 0, 0, 0, 0, 0, 238, 428, 2007
"d:\Projects\C\cleonos\cleonos\third-party\doomgeneric\doomgeneric\p_floor.c", "C", 0, 0, 429, 0, 0, 0, 0, 0, 0, 0, 0, 0, 0, 54, 64, 547
"d:\Projects\C\cleonos\cleonos\third-party\doomgeneric\doomgeneric\p_inter.c", "C", 0, 0, 643, 0, 0, 0, 0, 0, 0, 0, 0, 0, 0, 115, 165, 923
"d:\Projects\C\cleonos\cleonos\third-party\doomgeneric\doomgeneric\p_inter.h", "C++", 0, 0, 0, 4, 0, 0, 0, 0, 0, 0, 0, 0, 0, 17, 10, 31
"d:\Projects\C\cleonos\cleonos\third-party\doomgeneric\doomgeneric\p_lights.c", "C", 0, 0, 201, 0, 0, 0, 0, 0, 0, 0, 0, 0, 0, 72, 78, 351
"d:\Projects\C\cleonos\cleonos\third-party\doomgeneric\doomgeneric\p_local.h", "C++", 0, 0, 0, 155, 0, 0, 0, 0, 0, 0, 0, 0, 0, 66, 77, 298
"d:\Projects\C\cleonos\cleonos\third-party\doomgeneric\doomgeneric\p_map.c", "C", 0, 0, 828, 0, 0, 0, 0, 0, 0, 0, 0, 0, 0, 304, 317, 1449
"d:\Projects\C\cleonos\cleonos\third-party\doomgeneric\doomgeneric\p_maputl.c", "C", 0, 0, 651, 0, 0, 0, 0, 0, 0, 0, 0, 0, 0, 161, 190, 1002
"d:\Projects\C\cleonos\cleonos\third-party\doomgeneric\doomgeneric\p_mobj.c", "C", 0, 0, 654, 0, 0, 0, 0, 0, 0, 0, 0, 0, 0, 184, 212, 1050
"d:\Projects\C\cleonos\cleonos\third-party\doomgeneric\doomgeneric\p_mobj.h", "C++", 0, 0, 0, 77, 0, 0, 0, 0, 0, 0, 0, 0, 0, 161, 47, 285
"d:\Projects\C\cleonos\cleonos\third-party\doomgeneric\doomgeneric\p_plats.c", "C", 0, 0, 218, 0, 0, 0, 0, 0, 0, 0, 0, 0, 0, 29, 58, 305
"d:\Projects\C\cleonos\cleonos\third-party\doomgeneric\doomgeneric\p_pspr.c", "C", 0, 0, 537, 0, 0, 0, 0, 0, 0, 0, 0, 0, 0, 173, 179, 889
"d:\Projects\C\cleonos\cleonos\third-party\doomgeneric\doomgeneric\p_pspr.h", "C++", 0, 0, 0, 21, 0, 0, 0, 0, 0, 0, 0, 0, 0, 35, 16, 72
"d:\Projects\C\cleonos\cleonos\third-party\doomgeneric\doomgeneric\p_saveg.c", "C", 0, 0, 975, 0, 0, 0, 0, 0, 0, 0, 0, 0, 0, 435, 482, 1892
"d:\Projects\C\cleonos\cleonos\third-party\doomgeneric\doomgeneric\p_saveg.h", "C++", 0, 0, 0, 21, 0, 0, 0, 0, 0, 0, 0, 0, 0, 24, 18, 63
"d:\Projects\C\cleonos\cleonos\third-party\doomgeneric\doomgeneric\p_setup.c", "C", 0, 0, 547, 0, 0, 0, 0, 0, 0, 0, 0, 0, 0, 134, 175, 856
"d:\Projects\C\cleonos\cleonos\third-party\doomgeneric\doomgeneric\p_setup.h", "C++", 0, 0, 0, 10, 0, 0, 0, 0, 0, 0, 0, 0, 0, 19, 9, 38
"d:\Projects\C\cleonos\cleonos\third-party\doomgeneric\doomgeneric\p_sight.c", "C", 0, 0, 204, 0, 0, 0, 0, 0, 0, 0, 0, 0, 0, 75, 72, 351
"d:\Projects\C\cleonos\cleonos\third-party\doomgeneric\doomgeneric\p_spec.c", "C", 0, 0, 908, 0, 0, 0, 0, 0, 0, 0, 0, 0, 0, 307, 275, 1490
"d:\Projects\C\cleonos\cleonos\third-party\doomgeneric\doomgeneric\p_spec.h", "C++", 0, 0, 0, 380, 0, 0, 0, 0, 0, 0, 0, 0, 0, 75, 183, 638
"d:\Projects\C\cleonos\cleonos\third-party\doomgeneric\doomgeneric\p_switch.c", "C", 0, 0, 425, 0, 0, 0, 0, 0, 0, 0, 0, 0, 0, 111, 113, 649
"d:\Projects\C\cleonos\cleonos\third-party\doomgeneric\doomgeneric\p_telept.c", "C", 0, 0, 69, 0, 0, 0, 0, 0, 0, 0, 0, 0, 0, 35, 30, 134
"d:\Projects\C\cleonos\cleonos\third-party\doomgeneric\doomgeneric\p_tick.c", "C", 0, 0, 63, 0, 0, 0, 0, 0, 0, 0, 0, 0, 0, 53, 36, 152
"d:\Projects\C\cleonos\cleonos\third-party\doomgeneric\doomgeneric\p_tick.h", "C++", 0, 0, 0, 4, 0, 0, 0, 0, 0, 0, 0, 0, 0, 20, 10, 34
"d:\Projects\C\cleonos\cleonos\third-party\doomgeneric\doomgeneric\p_user.c", "C", 0, 0, 219, 0, 0, 0, 0, 0, 0, 0, 0, 0, 0, 73, 88, 380
"d:\Projects\C\cleonos\cleonos\third-party\doomgeneric\doomgeneric\r_bsp.c", "C", 0, 0, 329, 0, 0, 0, 0, 0, 0, 0, 0, 0, 0, 122, 123, 574
"d:\Projects\C\cleonos\cleonos\third-party\doomgeneric\doomgeneric\r_bsp.h", "C++", 0, 0, 0, 23, 0, 0, 0, 0, 0, 0, 0, 0, 0, 19, 20, 62
"d:\Projects\C\cleonos\cleonos\third-party\doomgeneric\doomgeneric\r_data.c", "C", 0, 0, 543, 0, 0, 0, 0, 0, 0, 0, 0, 0, 0, 167, 203, 913
"d:\Projects\C\cleonos\cleonos\third-party\doomgeneric\doomgeneric\r_data.h", "C++", 0, 0, 0, 14, 0, 0, 0, 0, 0, 0, 0, 0, 0, 25, 13, 52
"d:\Projects\C\cleonos\cleonos\third-party\doomgeneric\doomgeneric\r_defs.h", "C++", 0, 0, 0, 164, 0, 0, 0, 0, 0, 0, 0, 0, 0, 155, 130, 449
"d:\Projects\C\cleonos\cleonos\third-party\doomgeneric\doomgeneric\r_draw.c", "C", 0, 0, 554, 0, 0, 0, 0, 0, 0, 0, 0, 0, 0, 216, 206, 976
"d:\Projects\C\cleonos\cleonos\third-party\doomgeneric\doomgeneric\r_draw.h", "C++", 0, 0, 0, 40, 0, 0, 0, 0, 0, 0, 0, 0, 0, 33, 32, 105
"d:\Projects\C\cleonos\cleonos\third-party\doomgeneric\doomgeneric\r_local.h", "C++", 0, 0, 0, 13, 0, 0, 0, 0, 0, 0, 0, 0, 0, 24, 9, 46
"d:\Projects\C\cleonos\cleonos\third-party\doomgeneric\doomgeneric\r_main.c", "C", 0, 0, 556, 0, 0, 0, 0, 0, 0, 0, 0, 0, 0, 155, 181, 892
"d:\Projects\C\cleonos\cleonos\third-party\doomgeneric\doomgeneric\r_main.h", "C++", 0, 0, 0, 72, 0, 0, 0, 0, 0, 0, 0, 0, 0, 45, 44, 161
"d:\Projects\C\cleonos\cleonos\third-party\doomgeneric\doomgeneric\r_plane.c", "C", 0, 0, 278, 0, 0, 0, 0, 0, 0, 0, 0, 0, 0, 84, 85, 447
"d:\Projects\C\cleonos\cleonos\third-party\doomgeneric\doomgeneric\r_plane.h", "C++", 0, 0, 0, 37, 0, 0, 0, 0, 0, 0, 0, 0, 0, 18, 22, 77
"d:\Projects\C\cleonos\cleonos\third-party\doomgeneric\doomgeneric\r_segs.c", "C", 0, 0, 507, 0, 0, 0, 0, 0, 0, 0, 0, 0, 0, 103, 134, 744
"d:\Projects\C\cleonos\cleonos\third-party\doomgeneric\doomgeneric\r_segs.h", "C++", 0, 0, 0, 8, 0, 0, 0, 0, 0, 0, 0, 0, 0, 17, 9, 34
"d:\Projects\C\cleonos\cleonos\third-party\doomgeneric\doomgeneric\r_sky.c", "C", 0, 0, 10, 0, 0, 0, 0, 0, 0, 0, 0, 0, 0, 31, 12, 53
"d:\Projects\C\cleonos\cleonos\third-party\doomgeneric\doomgeneric\r_sky.h", "C++", 0, 0, 0, 8, 0, 0, 0, 0, 0, 0, 0, 0, 0, 20, 10, 38
"d:\Projects\C\cleonos\cleonos\third-party\doomgeneric\doomgeneric\r_state.h", "C++", 0, 0, 0, 49, 0, 0, 0, 0, 0, 0, 0, 0, 0, 36, 43, 128
"d:\Projects\C\cleonos\cleonos\third-party\doomgeneric\doomgeneric\r_things.c", "C", 0, 0, 605, 0, 0, 0, 0, 0, 0, 0, 0, 0, 0, 171, 207, 983
"d:\Projects\C\cleonos\cleonos\third-party\doomgeneric\doomgeneric\r_things.h", "C++", 0, 0, 0, 28, 0, 0, 0, 0, 0, 0, 0, 0, 0, 20, 18, 66
"d:\Projects\C\cleonos\cleonos\third-party\doomgeneric\doomgeneric\s_sound.c", "C", 0, 0, 431, 0, 0, 0, 0, 0, 0, 0, 0, 0, 0, 108, 132, 671
"d:\Projects\C\cleonos\cleonos\third-party\doomgeneric\doomgeneric\s_sound.h", "C++", 0, 0, 0, 20, 0, 0, 0, 0, 0, 0, 0, 0, 0, 42, 28, 90
"d:\Projects\C\cleonos\cleonos\third-party\doomgeneric\doomgeneric\sha1.c", "C", 0, 0, 239, 0, 0, 0, 0, 0, 0, 0, 0, 0, 0, 49, 32, 320
"d:\Projects\C\cleonos\cleonos\third-party\doomgeneric\doomgeneric\sha1.h", "C++", 0, 0, 0, 17, 0, 0, 0, 0, 0, 0, 0, 0, 0, 16, 8, 41
"d:\Projects\C\cleonos\cleonos\third-party\doomgeneric\doomgeneric\sounds.c", "C", 0, 0, 192, 0, 0, 0, 0, 0, 0, 0, 0, 0, 0, 25, 13, 230
"d:\Projects\C\cleonos\cleonos\third-party\doomgeneric\doomgeneric\sounds.h", "C++", 0, 0, 0, 191, 0, 0, 0, 0, 0, 0, 0, 0, 0, 26, 11, 228
"d:\Projects\C\cleonos\cleonos\third-party\doomgeneric\doomgeneric\st_lib.c", "C", 0, 0, 186, 0, 0, 0, 0, 0, 0, 0, 0, 0, 0, 35, 64, 285
"d:\Projects\C\cleonos\cleonos\third-party\doomgeneric\doomgeneric\st_lib.h", "C++", 0, 0, 0, 91, 0, 0, 0, 0, 0, 0, 0, 0, 0, 60, 59, 210
"d:\Projects\C\cleonos\cleonos\third-party\doomgeneric\doomgeneric\st_stuff.c", "C", 0, 0, 903, 0, 0, 0, 0, 0, 0, 0, 0, 0, 0, 216, 298, 1417
"d:\Projects\C\cleonos\cleonos\third-party\doomgeneric\doomgeneric\st_stuff.h", "C++", 0, 0, 0, 36, 0, 0, 0, 0, 0, 0, 0, 0, 0, 31, 23, 90
"d:\Projects\C\cleonos\cleonos\third-party\doomgeneric\doomgeneric\statdump.c", "C", 0, 0, 239, 0, 0, 0, 0, 0, 0, 0, 0, 0, 0, 58, 96, 393
"d:\Projects\C\cleonos\cleonos\third-party\doomgeneric\doomgeneric\statdump.h", "C++", 0, 0, 0, 5, 0, 0, 0, 0, 0, 0, 0, 0, 0, 15, 4, 24
"d:\Projects\C\cleonos\cleonos\third-party\doomgeneric\doomgeneric\tables.c", "C", 0, 0, 2173, 0, 0, 0, 0, 0, 0, 0, 0, 0, 0, 37, 18, 2228
"d:\Projects\C\cleonos\cleonos\third-party\doomgeneric\doomgeneric\tables.h", "C++", 0, 0, 0, 26, 0, 0, 0, 0, 0, 0, 0, 0, 0, 44, 27, 97
"d:\Projects\C\cleonos\cleonos\third-party\doomgeneric\doomgeneric\v_patch.h", "C++", 0, 0, 0, 17, 0, 0, 0, 0, 0, 0, 0, 0, 0, 25, 9, 51
"d:\Projects\C\cleonos\cleonos\third-party\doomgeneric\doomgeneric\v_video.c", "C", 0, 0, 617, 0, 0, 0, 0, 0, 0, 0, 0, 0, 0, 139, 177, 933
"d:\Projects\C\cleonos\cleonos\third-party\doomgeneric\doomgeneric\v_video.h", "C++", 0, 0, 0, 34, 0, 0, 0, 0, 0, 0, 0, 0, 0, 40, 35, 109
"d:\Projects\C\cleonos\cleonos\third-party\doomgeneric\doomgeneric\w_checksum.c", "C", 0, 0, 48, 0, 0, 0, 0, 0, 0, 0, 0, 0, 0, 21, 19, 88
"d:\Projects\C\cleonos\cleonos\third-party\doomgeneric\doomgeneric\w_checksum.h", "C++", 0, 0, 0, 5, 0, 0, 0, 0, 0, 0, 0, 0, 0, 17, 6, 28
"d:\Projects\C\cleonos\cleonos\third-party\doomgeneric\doomgeneric\w_file.c", "C", 0, 0, 44, 0, 0, 0, 0, 0, 0, 0, 0, 0, 0, 32, 20, 96
"d:\Projects\C\cleonos\cleonos\third-party\doomgeneric\doomgeneric\w_file.h", "C++", 0, 0, 0, 23, 0, 0, 0, 0, 0, 0, 0, 0, 0, 31, 25, 79
"d:\Projects\C\cleonos\cleonos\third-party\doomgeneric\doomgeneric\w_file_stdc.c", "C", 0, 0, 49, 0, 0, 0, 0, 0, 0, 0, 0, 0, 0, 22, 26, 97
"d:\Projects\C\cleonos\cleonos\third-party\doomgeneric\doomgeneric\w_main.c", "C", 0, 0, 87, 0, 0, 0, 0, 0, 0, 0, 0, 0, 0, 66, 46, 199
"d:\Projects\C\cleonos\cleonos\third-party\doomgeneric\doomgeneric\w_main.h", "C++", 0, 0, 0, 4, 0, 0, 0, 0, 0, 0, 0, 0, 0, 16, 5, 25
"d:\Projects\C\cleonos\cleonos\third-party\doomgeneric\doomgeneric\w_merge.h", "C++", 0, 0, 0, 9, 0, 0, 0, 0, 0, 0, 0, 0, 0, 23, 13, 45
"d:\Projects\C\cleonos\cleonos\third-party\doomgeneric\doomgeneric\w_wad.c", "C", 0, 0, 353, 0, 0, 0, 0, 0, 0, 0, 0, 0, 0, 124, 136, 613
"d:\Projects\C\cleonos\cleonos\third-party\doomgeneric\doomgeneric\w_wad.h", "C++", 0, 0, 0, 31, 0, 0, 0, 0, 0, 0, 0, 0, 0, 24, 24, 79
"d:\Projects\C\cleonos\cleonos\third-party\doomgeneric\doomgeneric\wi_stuff.c", "C", 0, 0, 1215, 0, 0, 0, 0, 0, 0, 0, 0, 0, 0, 210, 405, 1830
"d:\Projects\C\cleonos\cleonos\third-party\doomgeneric\doomgeneric\wi_stuff.h", "C++", 0, 0, 0, 14, 0, 0, 0, 0, 0, 0, 0, 0, 0, 24, 11, 49
"d:\Projects\C\cleonos\cleonos\third-party\doomgeneric\doomgeneric\z_zone.c", "C", 0, 0, 278, 0, 0, 0, 0, 0, 0, 0, 0, 0, 0, 89, 122, 489
"d:\Projects\C\cleonos\cleonos\third-party\doomgeneric\doomgeneric\z_zone.h", "C++", 0, 0, 0, 29, 0, 0, 0, 0, 0, 0, 0, 0, 0, 29, 16, 74
"d:\Projects\C\cleonos\clks\arch\aarch64\boot.c", "C", 0, 0, -6, 0, 0, 0, 0, 0, 0, 0, 0, 0, 0, 0, -1, -7
"d:\Projects\C\cleonos\clks\arch\aarch64\startup\boot.c", "C", 0, 0, 6, 0, 0, 0, 0, 0, 0, 0, 0, 0, 0, 0, 1, 7
"d:\Projects\C\cleonos\clks\arch\x86_64\boot.c", "C", 0, 0, -6, 0, 0, 0, 0, 0, 0, 0, 0, 0, 0, 0, -1, -7
"d:\Projects\C\cleonos\clks\arch\x86_64\exec_stack_call.S", "Go Assembly", 0, 0, 0, 0, 0, 0, 0, 0, -40, 0, 0, 0, 0, 0, -8, -48
"d:\Projects\C\cleonos\clks\arch\x86_64\interrupt\interrupt_stubs.S", "Go Assembly", 0, 0, 0, 0, 0, 0, 0, 0, 108, 0, 0, 0, 0, 0, 12, 120
"d:\Projects\C\cleonos\clks\arch\x86_64\interrupt_stubs.S", "Go Assembly", 0, 0, 0, 0, 0, 0, 0, 0, -108, 0, 0, 0, 0, 0, -12, -120
"d:\Projects\C\cleonos\clks\arch\x86_64\startup\boot.c", "C", 0, 0, 6, 0, 0, 0, 0, 0, 0, 0, 0, 0, 0, 0, 1, 7
"d:\Projects\C\cleonos\clks\arch\x86_64\startup\exec_stack_call.S", "Go Assembly", 0, 0, 0, 0, 0, 0, 0, 0, 40, 0, 0, 0, 0, 0, 8, 48
"d:\Projects\C\cleonos\clks\drivers\audio\pcspeaker.c", "C", 0, 0, -101, 0, 0, 0, 0, 0, 0, 0, 0, 0, 0, 0, -25, -126
"d:\Projects\C\cleonos\clks\drivers\serial\serial.c", "C", 0, 0, -52, 0, 0, 0, 0, 0, 0, 0, 0, 0, 0, 0, -16, -68
"d:\Projects\C\cleonos\clks\drivers\video\font8x8.c", "C", 0, 0, -67, 0, 0, 0, 0, 0, 0, 0, 0, 0, 0, 0, -8, -75
"d:\Projects\C\cleonos\clks\drivers\video\font8x8.h", "C++", 0, 0, 0, -5, 0, 0, 0, 0, 0, 0, 0, 0, 0, 0, -3, -8
"d:\Projects\C\cleonos\clks\drivers\video\framebuffer.c", "C", 0, 0, -251, 0, 0, 0, 0, 0, 0, 0, 0, 0, 0, 0, -70, -321
"d:\Projects\C\cleonos\clks\drivers\video\psf_font.c", "C", 0, 0, -230, 0, 0, 0, 0, 0, 0, 0, 0, 0, 0, 0, -56, -286
"d:\Projects\C\cleonos\clks\drivers\video\psf_font.h", "C++", 0, 0, 0, -15, 0, 0, 0, 0, 0, 0, 0, 0, 0, 0, -5, -20
"d:\Projects\C\cleonos\clks\include\clks\exec.h", "C++", 0, 0, 0, -8, 0, 0, 0, 0, 0, 0, 0, 0, 0, 0, 0, -8
"d:\Projects\C\cleonos\clks\include\clks\keyboard.h", "C++", 0, 0, 0, 0, 0, 0, 0, 0, 0, 0, 0, 0, 0, 0, -1, -1
"d:\Projects\C\cleonos\clks\include\clks\limine.h", "C++", 0, 0, 0, -20, 0, 0, 0, 0, 0, 0, 0, 0, 0, 0, 0, -20
"d:\Projects\C\cleonos\clks\include\clks\panic.h", "C++", 0, 0, 0, -5, 0, 0, 0, 0, 0, 0, 0, 0, 0, 0, 0, -5
"d:\Projects\C\cleonos\clks\include\clks\syscall.h", "C++", 0, 0, 0, 3, 0, 0, 0, 0, 0, 0, 0, 0, 0, 0, 0, 3
"d:\Projects\C\cleonos\clks\include\clks\task.h", "C++", 0, 0, 0, -5, 0, 0, 0, 0, 0, 0, 0, 0, 0, 0, 0, -5
"d:\Projects\C\cleonos\clks\include\clks\types.h", "C++", 0, 0, 0, -3, 0, 0, 0, 0, 0, 0, 0, 0, 0, 0, 0, -3
"d:\Projects\C\cleonos\clks\kernel\boot\limine\limine_requests.c", "C", 0, 0, 76, 0, 0, 0, 0, 0, 0, 0, 0, 0, 0, 0, 26, 102
"d:\Projects\C\cleonos\clks\kernel\core\interrupts.c", "C", 0, 0, 307, 0, 0, 0, 0, 0, 0, 0, 0, 0, 0, 0, 43, 350
"d:\Projects\C\cleonos\clks\kernel\core\kmain.c", "C", 0, 0, 388, 0, 0, 0, 0, 0, 0, 0, 0, 0, 0, 1, 77, 466
"d:\Projects\C\cleonos\clks\kernel\core\log.c", "C", 0, 0, 179, 0, 0, 0, 0, 0, 0, 0, 0, 0, 0, 0, 48, 227
"d:\Projects\C\cleonos\clks\kernel\core\panic.c", "C", 0, 0, 527, 0, 0, 0, 0, 0, 0, 0, 0, 0, 0, 0, 155, 682
"d:\Projects\C\cleonos\clks\kernel\core\scheduler.c", "C", 0, 0, 136, 0, 0, 0, 0, 0, 0, 0, 0, 0, 0, 0, 44, 180
"d:\Projects\C\cleonos\clks\kernel\core\service.c", "C", 0, 0, 107, 0, 0, 0, 0, 0, 0, 0, 0, 0, 0, 0, 34, 141
"d:\Projects\C\cleonos\clks\kernel\desktop.c", "C", 0, 0, -321, 0, 0, 0, 0, 0, 0, 0, 0, 0, 0, 0, -86, -407
"d:\Projects\C\cleonos\clks\kernel\driver.c", "C", 0, 0, -169, 0, 0, 0, 0, 0, 0, 0, 0, 0, 0, 0, -49, -218
"d:\Projects\C\cleonos\clks\kernel\elf64.c", "C", 0, 0, -239, 0, 0, 0, 0, 0, 0, 0, 0, 0, 0, 0, -73, -312
"d:\Projects\C\cleonos\clks\kernel\elfrunner.c", "C", 0, 0, -30, 0, 0, 0, 0, 0, 0, 0, 0, 0, 0, 0, -8, -38
"d:\Projects\C\cleonos\clks\kernel\exec.c", "C", 0, 0, -2037, 0, 0, 0, 0, 0, 0, 0, 0, 0, 0, -1, -555, -2593
"d:\Projects\C\cleonos\clks\kernel\fs.c", "C", 0, 0, -701, 0, 0, 0, 0, 0, 0, 0, 0, 0, 0, 0, -222, -923
"d:\Projects\C\cleonos\clks\kernel\hal\audio\pcspeaker.c", "C", 0, 0, 101, 0, 0, 0, 0, 0, 0, 0, 0, 0, 0, 0, 25, 126
"d:\Projects\C\cleonos\clks\kernel\hal\serial\serial.c", "C", 0, 0, 51, 0, 0, 0, 0, 0, 0, 0, 0, 0, 0, 0, 16, 67
"d:\Projects\C\cleonos\clks\kernel\hal\video\font8x8.c", "C", 0, 0, 45, 0, 0, 0, 0, 0, 0, 0, 0, 0, 0, 0, 8, 53
"d:\Projects\C\cleonos\clks\kernel\hal\video\font8x8.h", "C++", 0, 0, 0, 5, 0, 0, 0, 0, 0, 0, 0, 0, 0, 0, 3, 8
"d:\Projects\C\cleonos\clks\kernel\hal\video\framebuffer.c", "C", 0, 0, 247, 0, 0, 0, 0, 0, 0, 0, 0, 0, 0, 0, 69, 316
"d:\Projects\C\cleonos\clks\kernel\hal\video\psf_font.c", "C", 0, 0, 203, 0, 0, 0, 0, 0, 0, 0, 0, 0, 0, 0, 56, 259
"d:\Projects\C\cleonos\clks\kernel\hal\video\psf_font.h", "C++", 0, 0, 0, 15, 0, 0, 0, 0, 0, 0, 0, 0, 0, 0, 5, 20
"d:\Projects\C\cleonos\clks\kernel\heap.c", "C", 0, 0, -134, 0, 0, 0, 0, 0, 0, 0, 0, 0, 0, 0, -42, -176
"d:\Projects\C\cleonos\clks\kernel\input\keyboard.c", "C", 0, 0, 370, 0, 0, 0, 0, 0, 0, 0, 0, 0, 0, 0, 95, 465
"d:\Projects\C\cleonos\clks\kernel\input\mouse.c", "C", 0, 0, 243, 0, 0, 0, 0, 0, 0, 0, 0, 0, 0, 0, 63, 306
"d:\Projects\C\cleonos\clks\kernel\interface\desktop.c", "C", 0, 0, 321, 0, 0, 0, 0, 0, 0, 0, 0, 0, 0, 0, 86, 407
"d:\Projects\C\cleonos\clks\kernel\interface\shell.c", "C", 0, 0, 1232, 0, 0, 0, 0, 0, 0, 0, 0, 0, 0, 0, 316, 1548
"d:\Projects\C\cleonos\clks\kernel\interface\tty.c", "C", 0, 0, 1137, 0, 0, 0, 0, 0, 0, 0, 0, 0, 0, 0, 288, 1425
"d:\Projects\C\cleonos\clks\kernel\interrupts.c", "C", 0, 0, -317, 0, 0, 0, 0, 0, 0, 0, 0, 0, 0, 0, -44, -361
"d:\Projects\C\cleonos\clks\kernel\kelf.c", "C", 0, 0, -203, 0, 0, 0, 0, 0, 0, 0, 0, 0, 0, -1, -53, -257
"d:\Projects\C\cleonos\clks\kernel\keyboard.c", "C", 0, 0, -379, 0, 0, 0, 0, 0, 0, 0, 0, 0, 0, 0, -96, -475
"d:\Projects\C\cleonos\clks\kernel\kmain.c", "C", 0, 0, -388, 0, 0, 0, 0, 0, 0, 0, 0, 0, 0, -1, -77, -466
"d:\Projects\C\cleonos\clks\kernel\limine_requests.c", "C", 0, 0, -76, 0, 0, 0, 0, 0, 0, 0, 0, 0, 0, 0, -26, -102
"d:\Projects\C\cleonos\clks\kernel\log.c", "C", 0, 0, -185, 0, 0, 0, 0, 0, 0, 0, 0, 0, 0, 0, -48, -233
"d:\Projects\C\cleonos\clks\kernel\memory\heap.c", "C", 0, 0, 137, 0, 0, 0, 0, 0, 0, 0, 0, 0, 0, 0, 44, 181
"d:\Projects\C\cleonos\clks\kernel\memory\pmm.c", "C", 0, 0, 82, 0, 0, 0, 0, 0, 0, 0, 0, 0, 0, 0, 23, 105
"d:\Projects\C\cleonos\clks\kernel\mouse.c", "C", 0, 0, -246, 0, 0, 0, 0, 0, 0, 0, 0, 0, 0, 0, -63, -309
"d:\Projects\C\cleonos\clks\kernel\panic.c", "C", 0, 0, -546, 0, 0, 0, 0, 0, 0, 0, 0, 0, 0, 0, -155, -701
"d:\Projects\C\cleonos\clks\kernel\pmm.c", "C", 0, 0, -82, 0, 0, 0, 0, 0, 0, 0, 0, 0, 0, 0, -23, -105
"d:\Projects\C\cleonos\clks\kernel\ramdisk.c", "C", 0, 0, -172, 0, 0, 0, 0, 0, 0, 0, 0, 0, 0, 0, -50, -222
"d:\Projects\C\cleonos\clks\kernel\runtime\driver.c", "C", 0, 0, 166, 0, 0, 0, 0, 0, 0, 0, 0, 0, 0, 0, 49, 215
"d:\Projects\C\cleonos\clks\kernel\runtime\elf64.c", "C", 0, 0, 279, 0, 0, 0, 0, 0, 0, 0, 0, 0, 0, 1, 84, 364
"d:\Projects\C\cleonos\clks\kernel\runtime\elfrunner.c", "C", 0, 0, 30, 0, 0, 0, 0, 0, 0, 0, 0, 0, 0, 0, 8, 38
"d:\Projects\C\cleonos\clks\kernel\runtime\exec.c", "C", 0, 0, 2179, 0, 0, 0, 0, 0, 0, 0, 0, 0, 0, 1, 595, 2775
"d:\Projects\C\cleonos\clks\kernel\runtime\kelf.c", "C", 0, 0, 198, 0, 0, 0, 0, 0, 0, 0, 0, 0, 0, 1, 52, 251
"d:\Projects\C\cleonos\clks\kernel\runtime\syscall.c", "C", 0, 0, 2021, 0, 0, 0, 0, 0, 0, 0, 0, 0, 0, 0, 507, 2528
"d:\Projects\C\cleonos\clks\kernel\runtime\userland.c", "C", 0, 0, 146, 0, 0, 0, 0, 0, 0, 0, 0, 0, 0, 0, 38, 184
"d:\Projects\C\cleonos\clks\kernel\scheduler.c", "C", 0, 0, -136, 0, 0, 0, 0, 0, 0, 0, 0, 0, 0, 0, -44, -180
"d:\Projects\C\cleonos\clks\kernel\service.c", "C", 0, 0, -113, 0, 0, 0, 0, 0, 0, 0, 0, 0, 0, 0, -34, -147
"d:\Projects\C\cleonos\clks\kernel\shell.c", "C", 0, 0, -1250, 0, 0, 0, 0, 0, 0, 0, 0, 0, 0, 0, -317, -1567
"d:\Projects\C\cleonos\clks\kernel\storage\fs.c", "C", 0, 0, 684, 0, 0, 0, 0, 0, 0, 0, 0, 0, 0, 0, 222, 906
"d:\Projects\C\cleonos\clks\kernel\storage\ramdisk.c", "C", 0, 0, 172, 0, 0, 0, 0, 0, 0, 0, 0, 0, 0, 0, 50, 222
"d:\Projects\C\cleonos\clks\kernel\support\libc_compat.c", "C", 0, 0, 25, 0, 0, 0, 0, 0, 0, 0, 0, 0, 0, 0, 7, 32
"d:\Projects\C\cleonos\clks\kernel\support\string.c", "C", 0, 0, 54, 0, 0, 0, 0, 0, 0, 0, 0, 0, 0, 0, 16, 70
"d:\Projects\C\cleonos\clks\kernel\syscall.c", "C", 0, 0, -1588, 0, 0, 0, 0, 0, 0, 0, 0, 0, 0, 0, -401, -1989
"d:\Projects\C\cleonos\clks\kernel\tty.c", "C", 0, 0, -1188, 0, 0, 0, 0, 0, 0, 0, 0, 0, 0, 0, -290, -1478
"d:\Projects\C\cleonos\clks\kernel\userland.c", "C", 0, 0, -145, 0, 0, 0, 0, 0, 0, 0, 0, 0, 0, 0, -38, -183
"d:\Projects\C\cleonos\clks\lib\libc_compat.c", "C", 0, 0, -25, 0, 0, 0, 0, 0, 0, 0, 0, 0, 0, 0, -7, -32
"d:\Projects\C\cleonos\clks\lib\string.c", "C", 0, 0, -54, 0, 0, 0, 0, 0, 0, 0, 0, 0, 0, 0, -16, -70
"d:\Projects\C\cleonos\configs\menuconfig\clks_features.json", "JSON", 0, 0, 0, 0, 0, 0, 180, 0, 0, 0, 0, 0, 0, 0, 0, 180
"d:\Projects\C\cleonos\docs\syscall.md", "Markdown", 46, 0, 0, 0, 0, 0, 0, 0, 0, 0, 0, 0, 0, 0, 14, 60
"d:\Projects\C\cleonos\limine\.github\dependabot.yml", "YAML", 0, 0, 0, 0, 0, 0, 0, 0, 0, 0, 0, 7, 0, 0, 1, 8
"d:\Projects\C\cleonos\limine\.github\workflows\binary-release.yml", "YAML", 0, 0, 0, 0, 0, 0, 0, 0, 0, 0, 0, 78, 0, 0, 21, 99
"d:\Projects\C\cleonos\limine\.github\workflows\check.yml", "YAML", 0, 0, 0, 0, 0, 0, 0, 0, 0, 0, 0, 34, 0, 0, 12, 46
"d:\Projects\C\cleonos\limine\.github\workflows\pr_branch_check.yml", "YAML", 0, 0, 0, 0, 0, 0, 0, 0, 0, 0, 0, 13, 0, 0, 3, 16
"d:\Projects\C\cleonos\limine\.github\workflows\qa.yml", "YAML", 0, 0, 0, 0, 0, 0, 0, 0, 0, 0, 0, 14, 0, 0, 5, 19
"d:\Projects\C\cleonos\limine\.github\workflows\release.yml", "YAML", 0, 0, 0, 0, 0, 0, 0, 0, 0, 0, 0, 64, 0, 0, 17, 81
"d:\Projects\C\cleonos\limine\3RDPARTY.md", "Markdown", 53, 0, 0, 0, 0, 0, 0, 0, 0, 0, 0, 0, 0, 0, 15, 68
"d:\Projects\C\cleonos\limine\CONFIG.md", "Markdown", 320, 0, 0, 0, 0, 0, 0, 0, 0, 0, 0, 0, 0, 0, 53, 373
"d:\Projects\C\cleonos\limine\FAQ.md", "Markdown", 26, 0, 0, 0, 0, 0, 0, 0, 0, 0, 0, 0, 0, 0, 10, 36
"d:\Projects\C\cleonos\limine\INSTALL.md", "Markdown", 37, 0, 0, 0, 0, 0, 0, 0, 0, 0, 0, 0, 0, 0, 15, 52
"d:\Projects\C\cleonos\limine\README.md", "Markdown", 70, 0, 0, 0, 0, 0, 0, 0, 0, 0, 0, 0, 0, 0, 33, 103
"d:\Projects\C\cleonos\limine\USAGE.md", "Markdown", 85, 0, 0, 0, 0, 0, 0, 0, 0, 0, 0, 0, 0, 0, 23, 108
"d:\Projects\C\cleonos\limine\common\common.mk", "Makefile", 0, 0, 0, 0, 562, 0, 0, 0, 0, 0, 0, 0, 0, 0, 115, 677
"d:\Projects\C\cleonos\limine\common\crypt\blake2b.c", "C", 0, 0, 179, 0, 0, 0, 0, 0, 0, 0, 0, 0, 0, 3, 39, 221
"d:\Projects\C\cleonos\limine\common\crypt\blake2b.h", "C++", 0, 0, 0, 6, 0, 0, 0, 0, 0, 0, 0, 0, 0, 0, 5, 11
"d:\Projects\C\cleonos\limine\common\drivers\disk.h", "C++", 0, 0, 0, 18, 0, 0, 0, 0, 0, 0, 0, 0, 0, 0, 9, 27
"d:\Projects\C\cleonos\limine\common\drivers\disk.s2.c", "C", 0, 0, 646, 0, 0, 0, 0, 0, 0, 0, 0, 0, 0, 33, 178, 857
"d:\Projects\C\cleonos\limine\common\drivers\edid.c", "C", 0, 0, 61, 0, 0, 0, 0, 0, 0, 0, 0, 0, 0, 0, 25, 86
"d:\Projects\C\cleonos\limine\common\drivers\edid.h", "C++", 0, 0, 0, 37, 0, 0, 0, 0, 0, 0, 0, 0, 0, 0, 7, 44
"d:\Projects\C\cleonos\limine\common\drivers\gop.c", "C", 0, 0, 306, 0, 0, 0, 0, 0, 0, 0, 0, 0, 0, 3, 73, 382
"d:\Projects\C\cleonos\limine\common\drivers\gop.h", "C++", 0, 0, 0, 13, 0, 0, 0, 0, 0, 0, 0, 0, 0, 0, 7, 20
"d:\Projects\C\cleonos\limine\common\drivers\serial.c", "C", 0, 0, 37, 0, 0, 0, 0, 0, 0, 0, 0, 0, 0, 1, 13, 51
"d:\Projects\C\cleonos\limine\common\drivers\serial.h", "C++", 0, 0, 0, 9, 0, 0, 0, 0, 0, 0, 0, 0, 0, 0, 7, 16
"d:\Projects\C\cleonos\limine\common\drivers\vbe.c", "C", 0, 0, 307, 0, 0, 0, 0, 0, 0, 0, 0, 0, 0, 8, 53, 368
"d:\Projects\C\cleonos\limine\common\drivers\vbe.h", "C++", 0, 0, 0, 11, 0, 0, 0, 0, 0, 0, 0, 0, 0, 0, 5, 16
"d:\Projects\C\cleonos\limine\common\drivers\vga_textmode.c", "C", 0, 0, 294, 0, 0, 0, 0, 0, 0, 0, 0, 0, 0, 5, 71, 370
"d:\Projects\C\cleonos\limine\common\drivers\vga_textmode.h", "C++", 0, 0, 0, 24, 0, 0, 0, 0, 0, 0, 0, 0, 0, 0, 12, 36
"d:\Projects\C\cleonos\limine\common\entry.s2.c", "C", 0, 0, 106, 0, 0, 0, 0, 0, 0, 0, 0, 0, 0, 1, 28, 135
"d:\Projects\C\cleonos\limine\common\entry.s3.c", "C", 0, 0, 202, 0, 0, 0, 0, 0, 0, 0, 0, 0, 0, 0, 47, 249
"d:\Projects\C\cleonos\limine\common\fs\fat32.h", "C++", 0, 0, 0, 7, 0, 0, 0, 0, 0, 0, 0, 0, 0, 0, 5, 12
"d:\Projects\C\cleonos\limine\common\fs\fat32.s2.c", "C", 0, 0, 577, 0, 0, 0, 0, 0, 0, 0, 0, 0, 0, 39, 111, 727
"d:\Projects\C\cleonos\limine\common\fs\file.h", "C++", 0, 0, 0, 39, 0, 0, 0, 0, 0, 0, 0, 0, 0, 0, 7, 46
"d:\Projects\C\cleonos\limine\common\fs\file.s2.c", "C", 0, 0, 163, 0, 0, 0, 0, 0, 0, 0, 0, 0, 0, 0, 22, 185
"d:\Projects\C\cleonos\limine\common\fs\iso9660.h", "C++", 0, 0, 0, 7, 0, 0, 0, 0, 0, 0, 0, 0, 0, 0, 4, 11
"d:\Projects\C\cleonos\limine\common\fs\iso9660.s2.c", "C", 0, 0, 407, 0, 0, 0, 0, 0, 0, 0, 0, 0, 0, 38, 94, 539
"d:\Projects\C\cleonos\limine\common\gensyms.sh", "Shell Script", 0, 0, 0, 0, 0, 0, 0, 0, 0, 33, 0, 0, 0, 2, 17, 52
"d:\Projects\C\cleonos\limine\common\lib\acpi.c", "C", 0, 0, 344, 0, 0, 0, 0, 0, 0, 0, 0, 0, 0, 27, 102, 473
"d:\Projects\C\cleonos\limine\common\lib\acpi.h", "C++", 0, 0, 0, 163, 0, 0, 0, 0, 0, 0, 0, 0, 0, 24, 30, 217
"d:\Projects\C\cleonos\limine\common\lib\bli.c", "C", 0, 0, 67, 0, 0, 0, 0, 0, 0, 0, 0, 0, 0, 4, 20, 91
"d:\Projects\C\cleonos\limine\common\lib\bli.h", "C++", 0, 0, 0, 7, 0, 0, 0, 0, 0, 0, 0, 0, 0, 0, 5, 12
"d:\Projects\C\cleonos\limine\common\lib\config.c", "C", 0, 0, 628, 0, 0, 0, 0, 0, 0, 0, 0, 0, 0, 11, 126, 765
"d:\Projects\C\cleonos\limine\common\lib\config.h", "C++", 0, 0, 0, 28, 0, 0, 0, 0, 0, 0, 0, 0, 0, 0, 9, 37
"d:\Projects\C\cleonos\limine\common\lib\elf.c", "C", 0, 0, 964, 0, 0, 0, 0, 0, 0, 0, 0, 0, 0, 27, 212, 1203
"d:\Projects\C\cleonos\limine\common\lib\elf.h", "C++", 0, 0, 0, 74, 0, 0, 0, 0, 0, 0, 0, 0, 0, 0, 14, 88
"d:\Projects\C\cleonos\limine\common\lib\elsewhere.c", "C", 0, 0, 81, 0, 0, 0, 0, 0, 0, 0, 0, 0, 0, 7, 17, 105
"d:\Projects\C\cleonos\limine\common\lib\elsewhere.h", "C++", 0, 0, 0, 16, 0, 0, 0, 0, 0, 0, 0, 0, 0, 0, 5, 21
"d:\Projects\C\cleonos\limine\common\lib\fb.c", "C", 0, 0, 153, 0, 0, 0, 0, 0, 0, 0, 0, 0, 0, 4, 17, 174
"d:\Projects\C\cleonos\limine\common\lib\fb.h", "C++", 0, 0, 0, 36, 0, 0, 0, 0, 0, 0, 0, 0, 0, 0, 12, 48
"d:\Projects\C\cleonos\limine\common\lib\fdt.c", "C", 0, 0, 33, 0, 0, 0, 0, 0, 0, 0, 0, 0, 0, 0, 12, 45
"d:\Projects\C\cleonos\limine\common\lib\fdt.h", "C++", 0, 0, 0, 10, 0, 0, 0, 0, 0, 0, 0, 0, 0, 0, 6, 16
"d:\Projects\C\cleonos\limine\common\lib\getchar.c", "C", 0, 0, 306, 0, 0, 0, 0, 0, 0, 0, 0, 0, 0, 1, 59, 366
"d:\Projects\C\cleonos\limine\common\lib\getchar.h", "C++", 0, 0, 0, 23, 0, 0, 0, 0, 0, 0, 0, 0, 0, 0, 6, 29
"d:\Projects\C\cleonos\limine\common\lib\gterm.c", "C", 0, 0, 813, 0, 0, 0, 0, 0, 0, 0, 0, 0, 0, 9, 118, 940
"d:\Projects\C\cleonos\limine\common\lib\gterm.h", "C++", 0, 0, 0, 29, 0, 0, 0, 0, 0, 0, 0, 0, 0, 0, 6, 35
"d:\Projects\C\cleonos\limine\common\lib\guid.c", "C", 0, 0, 82, 0, 0, 0, 0, 0, 0, 0, 0, 0, 0, 0, 14, 96
"d:\Projects\C\cleonos\limine\common\lib\guid.h", "C++", 0, 0, 0, 15, 0, 0, 0, 0, 0, 0, 0, 0, 0, 1, 5, 21
"d:\Projects\C\cleonos\limine\common\lib\image.c", "C", 0, 0, 52, 0, 0, 0, 0, 0, 0, 0, 0, 0, 0, 2, 18, 72
"d:\Projects\C\cleonos\limine\common\lib\image.h", "C++", 0, 0, 0, 27, 0, 0, 0, 0, 0, 0, 0, 0, 0, 0, 6, 33
"d:\Projects\C\cleonos\limine\common\lib\libc.c", "C", 0, 0, 114, 0, 0, 0, 0, 0, 0, 0, 0, 0, 0, 3, 15, 132
"d:\Projects\C\cleonos\limine\common\lib\libc.h", "C++", 0, 0, 0, 29, 0, 0, 0, 0, 0, 0, 0, 0, 0, 0, 8, 37
"d:\Projects\C\cleonos\limine\common\lib\libc.s2.c", "C", 0, 0, 122, 0, 0, 0, 0, 0, 0, 0, 0, 0, 0, 2, 26, 150
"d:\Projects\C\cleonos\limine\common\lib\macros.aarch64_asm.h", "C++", 0, 0, 0, 44, 0, 0, 0, 0, 0, 0, 0, 0, 0, 4, 5, 53
"d:\Projects\C\cleonos\limine\common\lib\memory.s2.c", "C", 0, 0, 41, 0, 0, 0, 0, 0, 0, 0, 0, 0, 0, 0, 13, 54
"d:\Projects\C\cleonos\limine\common\lib\misc.c", "C", 0, 0, 322, 0, 0, 0, 0, 0, 0, 0, 0, 0, 0, 8, 90, 420
"d:\Projects\C\cleonos\limine\common\lib\misc.h", "C++", 0, 0, 0, 122, 0, 0, 0, 0, 0, 0, 0, 0, 0, 0, 32, 154
"d:\Projects\C\cleonos\limine\common\lib\misc.s2.c", "C", 0, 0, 117, 0, 0, 0, 0, 0, 0, 0, 0, 0, 0, 0, 12, 129
"d:\Projects\C\cleonos\limine\common\lib\panic.s2.c", "C", 0, 0, 70, 0, 0, 0, 0, 0, 0, 0, 0, 0, 0, 8, 12, 90
"d:\Projects\C\cleonos\limine\common\lib\part.h", "C++", 0, 0, 0, 86, 0, 0, 0, 0, 0, 0, 0, 0, 0, 2, 23, 111
"d:\Projects\C\cleonos\limine\common\lib\part.s2.c", "C", 0, 0, 464, 0, 0, 0, 0, 0, 0, 0, 0, 0, 0, 31, 121, 616
"d:\Projects\C\cleonos\limine\common\lib\pe.c", "C", 0, 0, 398, 0, 0, 0, 0, 0, 0, 0, 0, 0, 0, 5, 98, 501
"d:\Projects\C\cleonos\limine\common\lib\pe.h", "C++", 0, 0, 0, 8, 0, 0, 0, 0, 0, 0, 0, 0, 0, 0, 5, 13
"d:\Projects\C\cleonos\limine\common\lib\print.h", "C++", 0, 0, 0, 11, 0, 0, 0, 0, 0, 0, 0, 0, 0, 0, 6, 17
"d:\Projects\C\cleonos\limine\common\lib\print.s2.c", "C", 0, 0, 200, 0, 0, 0, 0, 0, 0, 0, 0, 0, 0, 0, 36, 236
"d:\Projects\C\cleonos\limine\common\lib\rand.c", "C", 0, 0, 112, 0, 0, 0, 0, 0, 0, 0, 0, 0, 0, 5, 25, 142
"d:\Projects\C\cleonos\limine\common\lib\rand.h", "C++", 0, 0, 0, 7, 0, 0, 0, 0, 0, 0, 0, 0, 0, 0, 5, 12
"d:\Projects\C\cleonos\limine\common\lib\real.h", "C++", 0, 0, 0, 26, 0, 0, 0, 0, 0, 0, 0, 0, 0, 0, 9, 35
"d:\Projects\C\cleonos\limine\common\lib\stb_image.c", "C", 0, 0, 4, 0, 0, 0, 0, 0, 0, 0, 0, 0, 0, 0, 3, 7
"d:\Projects\C\cleonos\limine\common\lib\term.c", "C", 0, 0, 266, 0, 0, 0, 0, 0, 0, 0, 0, 0, 0, 5, 49, 320
"d:\Projects\C\cleonos\limine\common\lib\term.h", "C++", 0, 0, 0, 47, 0, 0, 0, 0, 0, 0, 0, 0, 0, 0, 13, 60
"d:\Projects\C\cleonos\limine\common\lib\time.c", "C", 0, 0, 59, 0, 0, 0, 0, 0, 0, 0, 0, 0, 0, 2, 15, 76
"d:\Projects\C\cleonos\limine\common\lib\time.h", "C++", 0, 0, 0, 5, 0, 0, 0, 0, 0, 0, 0, 0, 0, 0, 4, 9
"d:\Projects\C\cleonos\limine\common\lib\trace.h", "C++", 0, 0, 0, 5, 0, 0, 0, 0, 0, 0, 0, 0, 0, 0, 4, 9
"d:\Projects\C\cleonos\limine\common\lib\trace.s2.c", "C", 0, 0, 79, 0, 0, 0, 0, 0, 0, 0, 0, 0, 0, 0, 9, 88
"d:\Projects\C\cleonos\limine\common\lib\uri.c", "C", 0, 0, 224, 0, 0, 0, 0, 0, 0, 0, 0, 0, 0, 9, 54, 287
"d:\Projects\C\cleonos\limine\common\lib\uri.h", "C++", 0, 0, 0, 7, 0, 0, 0, 0, 0, 0, 0, 0, 0, 0, 4, 11
"d:\Projects\C\cleonos\limine\common\libc-compat\stdlib.h", "C++", 0, 0, 0, 4, 0, 0, 0, 0, 0, 0, 0, 0, 0, 0, 3, 7
"d:\Projects\C\cleonos\limine\common\libc-compat\string.h", "C++", 0, 0, 0, 19, 0, 0, 0, 0, 0, 0, 0, 0, 0, 0, 5, 24
"d:\Projects\C\cleonos\limine\common\menu.c", "C", 0, 0, 1378, 0, 0, 0, 0, 0, 0, 0, 0, 0, 0, 30, 150, 1558
"d:\Projects\C\cleonos\limine\common\menu.h", "C++", 0, 0, 0, 13, 0, 0, 0, 0, 0, 0, 0, 0, 0, 0, 8, 21
"d:\Projects\C\cleonos\limine\common\mm\mtrr.c", "C", 0, 0, 91, 0, 0, 0, 0, 0, 0, 0, 0, 0, 0, 18, 32, 141
"d:\Projects\C\cleonos\limine\common\mm\mtrr.h", "C++", 0, 0, 0, 7, 0, 0, 0, 0, 0, 0, 0, 0, 0, 0, 5, 12
"d:\Projects\C\cleonos\limine\common\mm\pmm.c", "C", 0, 0, 70, 0, 0, 0, 0, 0, 0, 0, 0, 0, 0, 3, 16, 89
"d:\Projects\C\cleonos\limine\common\mm\pmm.h", "C++", 0, 0, 0, 63, 0, 0, 0, 0, 0, 0, 0, 0, 0, 0, 18, 81
"d:\Projects\C\cleonos\limine\common\mm\pmm.s2.c", "C", 0, 0, 662, 0, 0, 0, 0, 0, 0, 0, 0, 0, 0, 37, 192, 891
"d:\Projects\C\cleonos\limine\common\mm\vmm.c", "C", 0, 0, 416, 0, 0, 0, 0, 0, 0, 0, 0, 0, 0, 30, 110, 556
"d:\Projects\C\cleonos\limine\common\mm\vmm.h", "C++", 0, 0, 0, 125, 0, 0, 0, 0, 0, 0, 0, 0, 0, 6, 45, 176
"d:\Projects\C\cleonos\limine\common\protos\chainload.c", "C", 0, 0, 283, 0, 0, 0, 0, 0, 0, 0, 0, 0, 0, 7, 78, 368
"d:\Projects\C\cleonos\limine\common\protos\chainload.h", "C++", 0, 0, 0, 5, 0, 0, 0, 0, 0, 0, 0, 0, 0, 0, 4, 9
"d:\Projects\C\cleonos\limine\common\protos\efi_boot_entry.c", "C", 0, 0, 94, 0, 0, 0, 0, 0, 0, 0, 0, 0, 0, 6, 26, 126
"d:\Projects\C\cleonos\limine\common\protos\efi_boot_entry.h", "C++", 0, 0, 0, 5, 0, 0, 0, 0, 0, 0, 0, 0, 0, 0, 4, 9
"d:\Projects\C\cleonos\limine\common\protos\limine.c", "C", 0, 0, 1523, 0, 0, 0, 0, 0, 0, 0, 0, 0, 0, 80, 331, 1934
"d:\Projects\C\cleonos\limine\common\protos\limine.h", "C++", 0, 0, 0, 5, 0, 0, 0, 0, 0, 0, 0, 0, 0, 0, 4, 9
"d:\Projects\C\cleonos\limine\common\protos\linux.h", "C++", 0, 0, 0, 59, 0, 0, 0, 0, 0, 0, 0, 0, 0, 1, 14, 74
"d:\Projects\C\cleonos\limine\common\protos\linux_risc.c", "C", 0, 0, 412, 0, 0, 0, 0, 0, 0, 0, 0, 0, 0, 22, 99, 533
"d:\Projects\C\cleonos\limine\common\protos\linux_x86.c", "C", 0, 0, 527, 0, 0, 0, 0, 0, 0, 0, 0, 0, 0, 41, 96, 664
"d:\Projects\C\cleonos\limine\common\protos\multiboot.h", "C++", 0, 0, 0, 13, 0, 0, 0, 0, 0, 0, 0, 0, 0, 0, 5, 18
"d:\Projects\C\cleonos\limine\common\protos\multiboot1.c", "C", 0, 0, 394, 0, 0, 0, 0, 0, 0, 0, 0, 0, 0, 14, 105, 513
"d:\Projects\C\cleonos\limine\common\protos\multiboot1.h", "C++", 0, 0, 0, 76, 0, 0, 0, 0, 0, 0, 0, 0, 0, 0, 25, 101
"d:\Projects\C\cleonos\limine\common\protos\multiboot2.c", "C", 0, 0, 782, 0, 0, 0, 0, 0, 0, 0, 0, 0, 0, 77, 182, 1041
"d:\Projects\C\cleonos\limine\common\protos\multiboot2.h", "C++", 0, 0, 0, 331, 0, 0, 0, 0, 0, 0, 0, 0, 0, 30, 58, 419
"d:\Projects\C\cleonos\limine\common\pxe\pxe.h", "C++", 0, 0, 0, 96, 0, 0, 0, 0, 0, 0, 0, 0, 0, 0, 16, 112
"d:\Projects\C\cleonos\limine\common\pxe\pxe.s2.c", "C", 0, 0, 53, 0, 0, 0, 0, 0, 0, 0, 0, 0, 0, 2, 18, 73
"d:\Projects\C\cleonos\limine\common\pxe\tftp.h", "C++", 0, 0, 0, 36, 0, 0, 0, 0, 0, 0, 0, 0, 0, 0, 11, 47
"d:\Projects\C\cleonos\limine\common\pxe\tftp.s2.c", "C", 0, 0, 211, 0, 0, 0, 0, 0, 0, 0, 0, 0, 0, 5, 52, 268
"d:\Projects\C\cleonos\limine\common\stb_image.patch", "Diff", 0, 0, 0, 0, 0, 0, 0, 0, 0, 0, 74, 0, 0, 7, 10, 91
"d:\Projects\C\cleonos\limine\common\sys\a20.h", "C++", 0, 0, 0, 6, 0, 0, 0, 0, 0, 0, 0, 0, 0, 0, 4, 10
"d:\Projects\C\cleonos\limine\common\sys\a20.s2.c", "C", 0, 0, 67, 0, 0, 0, 0, 0, 0, 0, 0, 0, 0, 5, 21, 93
"d:\Projects\C\cleonos\limine\common\sys\cpu.h", "C++", 0, 0, 0, 429, 0, 0, 0, 0, 0, 0, 0, 0, 0, 2, 82, 513
"d:\Projects\C\cleonos\limine\common\sys\cpu.s2.c", "C", 0, 0, 58, 0, 0, 0, 0, 0, 0, 0, 0, 0, 0, 6, 14, 78
"d:\Projects\C\cleonos\limine\common\sys\cpu_riscv.c", "C", 0, 0, 353, 0, 0, 0, 0, 0, 0, 0, 0, 0, 0, 10, 65, 428
"d:\Projects\C\cleonos\limine\common\sys\e820.h", "C++", 0, 0, 0, 9, 0, 0, 0, 0, 0, 0, 0, 0, 0, 0, 5, 14
"d:\Projects\C\cleonos\limine\common\sys\e820.s2.c", "C", 0, 0, 33, 0, 0, 0, 0, 0, 0, 0, 0, 0, 0, 0, 12, 45
"d:\Projects\C\cleonos\limine\common\sys\exceptions.s2.c", "C", 0, 0, 46, 0, 0, 0, 0, 0, 0, 0, 0, 0, 0, 0, 5, 51
"d:\Projects\C\cleonos\limine\common\sys\gdt.h", "C++", 0, 0, 0, 23, 0, 0, 0, 0, 0, 0, 0, 0, 0, 0, 7, 30
"d:\Projects\C\cleonos\limine\common\sys\gdt.s2.c", "C", 0, 0, 83, 0, 0, 0, 0, 0, 0, 0, 0, 0, 0, 0, 13, 96
"d:\Projects\C\cleonos\limine\common\sys\idt.c", "C", 0, 0, 53, 0, 0, 0, 0, 0, 0, 0, 0, 0, 0, 3, 16, 72
"d:\Projects\C\cleonos\limine\common\sys\idt.h", "C++", 0, 0, 0, 43, 0, 0, 0, 0, 0, 0, 0, 0, 0, 0, 17, 60
"d:\Projects\C\cleonos\limine\common\sys\idt.s2.c", "C", 0, 0, 26, 0, 0, 0, 0, 0, 0, 0, 0, 0, 0, 0, 10, 36
"d:\Projects\C\cleonos\limine\common\sys\iommu.c", "C", 0, 0, 94, 0, 0, 0, 0, 0, 0, 0, 0, 0, 0, 21, 30, 145
"d:\Projects\C\cleonos\limine\common\sys\iommu.h", "C++", 0, 0, 0, 4, 0, 0, 0, 0, 0, 0, 0, 0, 0, 0, 3, 7
"d:\Projects\C\cleonos\limine\common\sys\lapic.c", "C", 0, 0, 420, 0, 0, 0, 0, 0, 0, 0, 0, 0, 0, 23, 69, 512
"d:\Projects\C\cleonos\limine\common\sys\lapic.h", "C++", 0, 0, 0, 30, 0, 0, 0, 0, 0, 0, 0, 0, 0, 0, 9, 39
"d:\Projects\C\cleonos\limine\common\sys\pic.c", "C", 0, 0, 37, 0, 0, 0, 0, 0, 0, 0, 0, 0, 0, 1, 11, 49
"d:\Projects\C\cleonos\limine\common\sys\pic.h", "C++", 0, 0, 0, 8, 0, 0, 0, 0, 0, 0, 0, 0, 0, 0, 4, 12
"d:\Projects\C\cleonos\limine\common\sys\sbi.h", "C++", 0, 0, 0, 25, 0, 0, 0, 0, 0, 0, 0, 0, 0, 0, 8, 33
"d:\Projects\C\cleonos\limine\common\sys\smp.c", "C", 0, 0, 917, 0, 0, 0, 0, 0, 0, 0, 0, 0, 0, 54, 259, 1230
"d:\Projects\C\cleonos\limine\common\sys\smp.h", "C++", 0, 0, 0, 38, 0, 0, 0, 0, 0, 0, 0, 0, 0, 0, 13, 51
"d:\Projects\C\cleonos\limine\decompressor\decompressor.mk", "Makefile", 0, 0, 0, 0, 70, 0, 0, 0, 0, 0, 0, 0, 0, 0, 15, 85
"d:\Projects\C\cleonos\limine\decompressor\main.c", "C", 0, 0, 31, 0, 0, 0, 0, 0, 0, 0, 0, 0, 0, 2, 5, 38
"d:\Projects\C\cleonos\limine\decompressor\memory.c", "C", 0, 0, 41, 0, 0, 0, 0, 0, 0, 0, 0, 0, 0, 0, 13, 54
"d:\Projects\C\cleonos\limine\decompressor\tinf.patch", "Diff", 0, 0, 0, 0, 0, 0, 0, 0, 0, 0, 42, 0, 0, 3, 10, 55
"d:\Projects\C\cleonos\limine\host\hgen.sh", "Shell Script", 0, 0, 0, 0, 0, 0, 0, 0, 0, 10, 0, 0, 0, 1, 6, 17
"d:\Projects\C\cleonos\limine\host\host.mk", "Makefile", 0, 0, 0, 0, 14, 0, 0, 0, 0, 0, 0, 0, 0, 0, 6, 20
"d:\Projects\C\cleonos\limine\host\limine.c", "C", 0, 0, 1192, 0, 0, 0, 0, 0, 0, 0, 0, 0, 0, 32, 225, 1449
"d:\Projects\C\cleonos\limine\test.mk", "Makefile", 0, 0, 0, 0, 263, 0, 0, 0, 0, 0, 0, 0, 0, 0, 16, 279
"d:\Projects\C\cleonos\limine\test\e9print.c", "C", 0, 0, 81, 0, 0, 0, 0, 0, 0, 0, 0, 0, 0, 0, 18, 99
"d:\Projects\C\cleonos\limine\test\e9print.h", "C++", 0, 0, 0, 7, 0, 0, 0, 0, 0, 0, 0, 0, 0, 0, 3, 10
"d:\Projects\C\cleonos\limine\test\limine.c", "C", 0, 0, 624, 0, 0, 0, 0, 0, 0, 0, 0, 0, 0, 0, 82, 706
"d:\Projects\C\cleonos\limine\test\limine.conf", "Properties", 0, 0, 0, 0, 0, 0, 0, 0, 0, 0, 0, 0, 40, 1, 19, 60
"d:\Projects\C\cleonos\limine\test\memory.c", "C", 0, 0, 40, 0, 0, 0, 0, 0, 0, 0, 0, 0, 0, 0, 13, 53
"d:\Projects\C\cleonos\limine\test\multiboot.c", "C", 0, 0, 57, 0, 0, 0, 0, 0, 0, 0, 0, 0, 0, 12, 24, 93
"d:\Projects\C\cleonos\limine\test\multiboot2.c", "C", 0, 0, 141, 0, 0, 0, 0, 0, 0, 0, 0, 0, 0, 5, 36, 182
"d:\Projects\C\cleonos\limine\test\test.mk", "Makefile", 0, 0, 0, 0, 143, 0, 0, 0, 0, 0, 0, 0, 0, 0, 21, 164
"d:\Projects\C\cleonos\limine\version.sh", "Shell Script", 0, 0, 0, 0, 0, 0, 0, 0, 0, 19, 0, 0, 0, 1, 10, 30
"d:\Projects\C\cleonos\scripts\menuconfig.py", "Python", 0, 622, 0, 0, 0, 0, 0, 0, 0, 0, 0, 0, 0, 0, 100, 722
"d:\Projects\C\cleonos\wine\README.md", "Markdown", 4, 0, 0, 0, 0, 0, 0, 0, 0, 0, 0, 0, 0, 0, 0, 4
"d:\Projects\C\cleonos\wine\cleonos_wine_lib\constants.py", "Python", 0, 36, 0, 0, 0, 0, 0, 0, 0, 0, 0, 0, 0, 3, 3, 42
"d:\Projects\C\cleonos\wine\cleonos_wine_lib\runner.py", "Python", 0, 469, 0, 0, 0, 0, 0, 0, 0, 0, 0, 0, 0, 0, 91, 560
"d:\Projects\C\cleonos\wine\cleonos_wine_lib\state.py", "Python", 0, 118, 0, 0, 0, 0, 0, 0, 0, 0, 0, 0, 0, 2, 31, 151
"Total", "-", 692, 1245, 65649, 7861, 1086, 339, 180, 130, 0, 62, 116, 319, 40, 13900, 20413, 112032